ASIN,url,Flipkart_URL
B07C6CSF6K,https://www.amazon.in/dp/B07C6CSF6K,https://www.flipkart.com/havells-bt5100c-runtime-45-min-trimmer-men/p/itm866d3eec2e83c?pid=TMRFTP789SDQ5HGF&lid=LSTTMRFTP789SDQ5HGFV2RTZZ&marketplace=FLIPKART&q=Havells+BT5100C&store=zlw%2F79s%2Fby3&srno=s_1_1&otracker=search&otracker1=search&fm=SEARCH&iid=c1f18b21-a049-40a3-8a4c-ff9cbcb155db.TMRFTP789SDQ5HGF.SEARCH&ppt=sp&ppn=sp&ssid=6eox7077m80000001642663319988&qH=55eb1c737a5e827a
B089MLVZZC,https://www.amazon.in/dp/B089MLVZZC,https://www.flipkart.com/havells-fd5000-shaver-women/p/itm969b5c4f22b88?pid=SHVFTGHMHHWBF7CF&lid=LSTSHVFTGHMHHWBF7CF08UMHI&marketplace=FLIPKART&q=Havells+FD5000&store=search.flipkart.com&srno=s_1_1&otracker=search&otracker1=search&fm=SEARCH&iid=145c149d-cec0-420c-97e4-3460bf1bacf4.SHVFTGHMHHWBF7CF.SEARCH&ppt=sp&ppn=sp&ssid=tqpur3dwlc0000001642663447320&qH=3bc0f0a82d85b328
B079QJW5CW,https://www.amazon.in/dp/B079QJW5CW,https://www.flipkart.com/havells-5-in-1multi-styling-kit-hc4045-hair-straightener/p/itm595926e11c723?pid=HSTFECPGQ7HBCKKH&lid=LSTHSTFECPGQ7HBCKKHH7KSBV&marketplace=FLIPKART&q=Havells+HC4045&store=zlw%2F79s&srno=s_1_1&otracker=search&otracker1=search&fm=SEARCH&iid=f1df09c0-f073-462e-af01-d829382f0dfa.HSTFECPGQ7HBCKKH.SEARCH&ppt=sp&ppn=sp&ssid=thnjrgr5o00000001642663567918&qH=3106cbe0487daf6f
B01N33BLDT,https://www.amazon.in/dp/B01N33BLDT,https://www.flipkart.com/havells-hd3151-hair-dryer/p/itmeqtf29rfz8phu?pid=HDREQTF2NKKMPYTE&lid=LSTHDREQTF2NKKMPYTECX56H7&marketplace=FLIPKART&q=Havells+HD3151+&store=zlw%2F79s%2Fmh8&spotlightTagId=BestsellerId_zlw%2F79s%2Fmh8&srno=s_1_1&otracker=search&otracker1=search&fm=SEARCH&iid=9d2dc0f5-137c-431c-ad1a-d9b80976b017.HDREQTF2NKKMPYTE.SEARCH&ppt=sp&ppn=sp&ssid=snmovcmamo0000001642663658242&qH=aab72b5cedd88321
B07W3HJDRH,https://www.amazon.in/dp/B07W3HJDRH,https://www.flipkart.com/havells-bt9005-runtime-90-min-trimmer-men/p/itm7ea7ccd6d84a8?pid=SHVFJ22VCTKHAWGU&lid=LSTSHVFJ22VCTKHAWGUXRZKBH&marketplace=FLIPKART&q=Havells+BT9005&store=zlw%2F79s%2Fby3&srno=s_1_1&otracker=search&otracker1=search&fm=SEARCH&iid=6df9230a-6f6a-408a-bb37-5f9395e1ae30.SHVFJ22VCTKHAWGU.SEARCH&ppt=sp&ppn=sp&ssid=rzmwrcjo8g0000001642663735451&qH=9e811cde04bb738d
B08519FDLH,https://www.amazon.in/dp/B08519FDLH,https://www.flipkart.com/havells-hd3162-hair-dryer/p/itm0155a20cec689?pid=HDRFP77FVBHXGZNW&lid=LSTHDRFP77FVBHXGZNWTNKH1O&marketplace=FLIPKART&q=Havells+HD3162&store=search.flipkart.com&srno=s_1_1&otracker=search&otracker1=search&fm=SEARCH&iid=41ab2394-92e5-4df4-a115-47d320a265fd.HDRFP77FVBHXGZNW.SEARCH&ppt=sp&ppn=sp&ssid=dhwagbujwg0000001642663801976&qH=6a07eab371e6f514
B08Y9C5H38,https://www.amazon.in/dp/B08Y9C5H38,https://www.flipkart.com/havells-hc-4085-hair-dryer/p/itm50e8b155f8f0e?pid=HDRGFF5TUDANAGK4&lid=LSTHDRGFF5TUDANAGK4HX2NGQ&marketplace=FLIPKART&q=Havells+HC4085&store=search.flipkart.com&srno=s_1_1&otracker=search&otracker1=search&fm=SEARCH&iid=6787618f-2c1c-4972-af4b-bd1899d68684.HDRGFF5TUDANAGK4.SEARCH&ppt=sp&ppn=sp&ssid=ybdou2htts0000001642663910392&qH=a7e0c3ab585247c0
B07PPLD2G2,https://www.amazon.in/dp/B07PPLD2G2,https://www.flipkart.com/havells-callus-remover-cr4001-pink/p/itm0d8c4acfd0cb6?pid=FFLFK6YDQ6WXKDVG&lid=LSTFFLFK6YDQ6WXKDVGSXAOOO&marketplace=FLIPKART&q=Havells+CR4001&store=search.flipkart.com&srno=s_1_1&otracker=search&otracker1=search&fm=SEARCH&iid=a2a2c781-8bbd-48ea-b8bb-8f9e724f2c00.FFLFK6YDQ6WXKDVG.SEARCH&ppt=sp&ppn=sp&ssid=jtnigl8ei80000001642664022862&qH=be567f9ab01b7d94
B071WRNFRY,https://www.amazon.in/dp/B071WRNFRY,https://www.flipkart.com/havells-hs4101-hair-straightener/p/itmcd8e004024a10?pid=HSTEUG3HXVHDWNZX&lid=LSTHSTEUG3HXVHDWNZXJXNLQU&marketplace=FLIPKART&q=Havells+HS4101&store=search.flipkart.com&srno=s_1_1&otracker=search&otracker1=search&fm=SEARCH&iid=4bc4ecb1-0f4f-4b4f-adcc-f919bbe7b165.HSTEUG3HXVHDWNZX.SEARCH&ppt=sp&ppn=sp&ssid=ox806h25rk0000001642664074889&qH=a5322294c6550f38
B01N7RXANB,https://www.amazon.in/dp/B01N7RXANB,https://www.flipkart.com/havells-bt6201-runtime-90-min-trimmer-men/p/itmfe909ad1b4ca8?pid=SHVEQSKYJW5BKQ6S&lid=LSTSHVEQSKYJW5BKQ6SNNUHYF&marketplace=FLIPKART&q=Havells+BT6201&store=search.flipkart.com&srno=s_1_1&otracker=search&otracker1=search&fm=SEARCH&iid=44cfce7f-8641-437a-a7a7-67d64ac6ead2.SHVEQSKYJW5BKQ6S.SEARCH&ppt=sp&ppn=sp&ssid=h38avi6fq80000001642664108782&qH=40eda27205ef2066
B08CY3N165,https://www.amazon.in/dp/B08CY3N165,https://www.flipkart.com/havells-rs7005-shaver-men/p/itm84b0cbad89bae?pid=SHVFUJZCUF5BEPSK&lid=LSTSHVFUJZCUF5BEPSK1AG4C9&marketplace=FLIPKART&q=Havells+RS7005&store=zlw%2F79s&srno=s_1_1&otracker=search&otracker1=search&fm=SEARCH&iid=b18aaac0-bc53-4349-a061-f52185c18245.SHVFUJZCUF5BEPSK.SEARCH&ppt=sp&ppn=sp&ssid=yazpat3ots0000001642664222060&qH=5459d871bf930f41
B08GZZJ57C,https://www.amazon.in/dp/B08GZZJ57C,https://www.flipkart.com/havells-digital-usb-quick-charge-bt9009-zoom-wheel-trimmer-runtime-120-min-men/p/itm9cba31ee6253e?pid=TMRG5ZRFF5Y8GKWB&lid=LSTTMRG5ZRFF5Y8GKWBKAJVAC&marketplace=FLIPKART&q=Havells+BT9009&store=search.flipkart.com&srno=s_1_1&otracker=search&otracker1=search&fm=SEARCH&iid=694e986f-97a3-4a29-9ff8-5899ef332a1a.TMRG5ZRFF5Y8GKWB.SEARCH&ppt=sp&ppn=sp&ssid=a8nmr5oteo0000001642664389348&qH=c03712f657bd04e1
B07FTWS7QZ,https://www.amazon.in/dp/B07FTWS7QZ,https://www.flipkart.com/havells-hc4025-personal-care-appliance-combo/p/itmf8qpzzmucsuvn?pid=PABF8QHGUHZQ4XHQ&lid=LSTPABF8QHGUHZQ4XHQ1FFOJT&marketplace=FLIPKART&q=Havells+HC4025&store=search.flipkart.com&srno=s_1_1&otracker=search&otracker1=search&fm=SEARCH&iid=5fd2fbbf-fd4c-4df6-89ee-28b2096ac761.PABF8QHGUHZQ4XHQ.SEARCH&ppt=sp&ppn=sp&ssid=dk9vnobrog0000001642664462700&qH=d0f6e77798fbda8b
B07GB9RH74,https://www.amazon.in/dp/B07GB9RH74,https://www.flipkart.com/havells-hd3201-hair-dryer/p/itmeqtf2gf53wsqa?pid=HDRFAWH4P53NXXPB&lid=LSTHDRFAWH4P53NXXPBX2FR89&marketplace=FLIPKART&q=Havells+HD3201&store=search.flipkart.com&srno=s_1_1&otracker=search&otracker1=search&fm=SEARCH&iid=57629069-d6e0-4060-baf7-2e17909d5b14.HDRFAWH4P53NXXPB.SEARCH&ppt=sp&ppn=sp&ssid=yuolkwd1pc0000001642664504527&qH=1fd2cf6a60fa0777
B07G2L4W9G,https://www.amazon.in/dp/B07G2L4W9G,https://www.flipkart.com/havells-wide-plate-hs4121-hair-straightener/p/itmb62d34d7f58ac?pid=HSTF9X6UZCHCK4FH&lid=LSTHSTF9X6UZCHCK4FHTVSGEE&marketplace=FLIPKART&q=Havells+HS4121&store=zlw%2F79s%2Fdk5&srno=s_1_1&otracker=search&otracker1=search&fm=SEARCH&iid=ec91de8c-a75e-474c-83a3-cd1f75c9842b.HSTF9X6UZCHCK4FH.SEARCH&ppt=sp&ppn=sp&ssid=jztkuf80wg0000001642664554244&qH=0cec1f44d6a9cd97
B08S4Y316C,https://www.amazon.in/dp/B08S4Y316C,https://www.flipkart.com/havells-hd2223-hair-dryer/p/itm4f166fe9880ff?pid=HDRG92X8ZVZSXWXH&lid=LSTHDRG92X8ZVZSXWXHFCAH4H&marketplace=FLIPKART&q=Havells+HD2223&store=search.flipkart.com&srno=s_1_1&otracker=search&otracker1=search&fm=SEARCH&iid=b2db2079-941b-426a-9a5a-1d0bc4385c6a.HDRG92X8ZVZSXWXH.SEARCH&ppt=sp&ppn=sp&ssid=u9s47a4f9s0000001642664623448&qH=7d58519d7fd522ec
B075FT4XWG,https://www.amazon.in/dp/B075FT4XWG,https://www.flipkart.com/havells-hc4031-electric-hair-curler/p/itmexc33asuvasyb?pid=HSTEXAU7CYY9QZZS&lid=LSTHSTEXAU7CYY9QZZSLV3DSK&marketplace=FLIPKART&q=Havells+HC4031+&store=search.flipkart.com&srno=s_1_1&otracker=search&otracker1=search&fm=SEARCH&iid=e239eebe-bb5b-419f-95f1-9905f1d3d2df.HSTEXAU7CYY9QZZS.SEARCH&ppt=sp&ppn=sp&ssid=71xkxhbsz40000001642664662053&qH=19d84499dfe7238b
B07GVXZVCV,https://www.amazon.in/dp/B07GVXZVCV,https://www.flipkart.com/havells-hs4152-hair-straightener/p/itm70163e58fc7b8?pid=HSTF8K8HVU8VNQKZ&lid=LSTHSTF8K8HVU8VNQKZKEJVOI&marketplace=FLIPKART&q=Havells+HS4152&store=search.flipkart.com&srno=s_1_1&otracker=search&otracker1=search&fm=SEARCH&iid=12c98551-76bd-4de9-9873-d5c2e8e1ba2a.HSTF8K8HVU8VNQKZ.SEARCH&ppt=sp&ppn=sp&ssid=klyux8sie80000001642664796728&qH=d436ceb3dc2480b6
B08PZPDR8Z,https://www.amazon.in/dp/B08PZPDR8Z,https://www.flipkart.com/havells-fd5002-runtime-90-mins-grooming-kit-men-women/p/itm92e5b90f9cdeb?pid=TMRG3696534FP9ZB&lid=LSTTMRG3696534FP9ZBUKEYVY&marketplace=FLIPKART&q=Havells+FD5002&store=search.flipkart.com&srno=s_1_1&otracker=search&otracker1=search&fm=SEARCH&iid=f9b4ca7c-9db6-4c83-8661-fea39e961840.TMRG3696534FP9ZB.SEARCH&ppt=sp&ppn=sp&ssid=ln9cpwf3ds0000001642664852338&qH=8761b39e0994875b
B07G2SL1QB,https://www.amazon.in/dp/B07G2SL1QB,https://www.flipkart.com/havells-gs6451-runtime-90-min-trimmer-men/p/itmbb5ef623b7d65?pid=TMRFS2B4EZHXC6YM&lid=LSTTMRFS2B4EZHXC6YMF6BZH4&marketplace=FLIPKART&q=Havells+GS6451&store=zlw%2F79s&srno=s_1_1&otracker=search&otracker1=search&fm=SEARCH&iid=dea5bc7c-9268-4c51-9451-e857952778c4.TMRFS2B4EZHXC6YM.SEARCH&ppt=sp&ppn=sp&ssid=27loy10gf40000001642664914262&qH=47492d03afb40a4a
B08PZTBGGW,https://www.amazon.in/dp/B08PZTBGGW,https://www.flipkart.com/havells-sc5065-multifunction-skin-care-device-cleaning-massaging-reduces-pigmentation-restores-elasticity-fast-charge-facial-cleanser-system-brush/p/itm007b56d64bac3?pid=EFSGA2BA2S3GFGYV&lid=LSTEFSGA2BA2S3GFGYVJ6BJIB&marketplace=FLIPKART&q=Havells+SC5065&store=search.flipkart.com&srno=s_1_1&otracker=search&otracker1=search&fm=SEARCH&iid=48d7e9c0-766e-4226-9a07-1eb7f25a7451.EFSGA2BA2S3GFGYV.SEARCH&ppt=sp&ppn=sp&ssid=garjf1fntc0000001642664968510&qH=0043d9ec399f0ab6
B08PZN5VHV,https://www.amazon.in/dp/B08PZN5VHV,https://www.flipkart.com/havells-pore-cleanser-sc5060-blackhead-whitehead-remover-3-suction-modes-low-medium-high-fast-charge-facial-system-brush/p/itmfdc58f9426429?pid=EFSGAY43Y9GM8BGG&lid=LSTEFSGAY43Y9GM8BGGJNM034&marketplace=FLIPKART&q=Havells+SC5060&store=search.flipkart.com&srno=s_1_1&otracker=search&otracker1=search&fm=SEARCH&iid=1a9b6057-824f-48ec-b7ff-fbd31f8c8c12.EFSGAY43Y9GM8BGG.SEARCH&ppt=sp&ppn=sp&ssid=enebpwoiqo0000001642665067528&qH=361d51ec6d217864
B08PZPJW59,https://www.amazon.in/dp/B08PZPJW59,https://www.flipkart.com/havells-sc5070-facial-cleanser-3-heads-exfoliation-cleaning-iontophoresis-smart-alert-assist-usage-rechargeable-pink-cleanser-system-brush/p/itm657a387fd31c2?pid=EFSGAYYAHVAVZYNS&lid=LSTEFSGAYYAHVAVZYNSUBPJLH&marketplace=FLIPKART&q=Havells+SC5070&store=search.flipkart.com&srno=s_1_1&otracker=search&otracker1=search&fm=SEARCH&iid=659b4e3c-e116-4412-a305-2a99a3ee9013.EFSGAYYAHVAVZYNS.SEARCH&ppt=sp&ppn=sp&ssid=h3updt1mz40000001642665153145&qH=93c27e931892cd51
B0123G8CZ8,https://www.amazon.in/dp/B0123G8CZ8,https://www.flipkart.com/nova-nhp-8100-hair-dryer/p/itm985b1f3c8f641?pid=HDRE7XH6KNNVWYVP&lid=LSTHDRE7XH6KNNVWYVPYRSM0A&marketplace=FLIPKART&q=Nova+NHP+8100&store=zlw%2F79s%2Fmh8&srno=s_1_2&otracker=search&otracker1=search&fm=SEARCH&iid=13a3be03-77e9-4531-b858-784d81078fda.HDRE7XH6KNNVWYVP.SEARCH&ppt=sp&ppn=sp&ssid=ygjorfhy9s0000001642665249069&qH=3904d6df932f26d8
B08BXGNK36,https://www.amazon.in/dp/B08BXGNK36,https://www.flipkart.com/nova-nhp-8105-hair-dryer/p/itm985b1f3c8f641?pid=HDRF6JY9QUKVTNNF&lid=LSTHDRF6JY9QUKVTNNFAL4EDQ&marketplace=FLIPKART&q=Nova+NHP+8105&store=zlw%2F79s%2Fmh8&spotlightTagId=BestsellerId_zlw%2F79s%2Fmh8&srno=s_1_1&otracker=search&otracker1=search&fm=SEARCH&iid=d9d01b39-d07c-4d3d-b807-8628bf347b71.HDRF6JY9QUKVTNNF.SEARCH&ppt=sp&ppn=sp&ssid=k3r4sb8mhs0000001642665324276&qH=a571a1af05c80b48
B081Q9XPBG,https://www.amazon.in/dp/B081Q9XPBG,https://www.flipkart.com/nova-nhp-8203-hair-dryer/p/itmea45d1a696006?pid=HDRFH8YH6P7MURJX&lid=LSTHDRFH8YH6P7MURJX7DLCHR&marketplace=FLIPKART&q=Nova+NHP+8203&store=zlw%2F79s%2Fmh8&srno=s_1_1&otracker=search&otracker1=search&fm=SEARCH&iid=819e485a-4f69-4542-98c6-a7c475760a50.HDRFH8YH6P7MURJX.SEARCH&ppt=sp&ppn=sp&ssid=lfgh4hcqxc0000001642665440768&qH=9389f0e783cd27f9
B083F853KB,https://www.amazon.in/dp/B083F853KB,https://www.flipkart.com/nova-nhp-8220-hair-dryer/p/itm38fb158144bdb?pid=HDRFMVRDN6AGHNMT&lid=LSTHDRFMVRDN6AGHNMTFNKHF7&marketplace=FLIPKART&q=Nova+NHP+8220&store=zlw%2F79s%2Fmh8&srno=s_1_1&otracker=search&otracker1=search&fm=SEARCH&iid=0e6c5902-7db9-4d70-a66e-20e326e5909e.HDRFMVRDN6AGHNMT.SEARCH&ppt=sp&ppn=sp&ssid=1cil3wxmls0000001642665487400&qH=02589b021c036e53
B07TWQCX7F,https://www.amazon.in/dp/B07TWQCX7F,
B01LXWL0P7,https://www.amazon.in/dp/B01LXWL0P7,https://www.flipkart.com/nova-temperature-control-professional-nhs-860-hair-straightener/p/itmdf643c118c633?pid=HSTEHUTBEHYQ6Z8F&lid=LSTHSTEHUTBEHYQ6Z8FJPAGWK&marketplace=FLIPKART&q=Nova+NHS+860&store=zlw%2F79s%2Fdk5&spotlightTagId=BestsellerId_zlw%2F79s%2Fdk5&srno=s_1_1&otracker=search&otracker1=search&fm=SEARCH&iid=bcf0fd3e-3ab4-4e73-b86b-726eac3d80d1.HSTEHUTBEHYQ6Z8F.SEARCH&ppt=sp&ppn=sp&ssid=315yzx95q80000001642665702209&qH=f39e6a63bfdc4f7b
B07F8P8LLJ,https://www.amazon.in/dp/B07F8P8LLJ,https://www.flipkart.com/nova-pro-shine-nhs-840-hair-straightener/p/itm33ba324215d43?pid=HSTF77GPGHA2J63X&lid=LSTHSTF77GPGHA2J63X0IOAZN&marketplace=FLIPKART&q=Nova+NHS+-+840&store=zlw%2F79s%2Fdk5&spotlightTagId=BestsellerId_zlw%2F79s%2Fdk5&srno=s_1_1&otracker=search&otracker1=search&fm=SEARCH&iid=85bddb0b-cbcd-4e3b-b7b2-5b9e6b842139.HSTF77GPGHA2J63X.SEARCH&ppt=sp&ppn=sp&ssid=u2razpab5s0000001642666228679&qH=d303f2ad40a8687f
B0744LYGHS,https://www.amazon.in/dp/B0744LYGHS,
B0744LYGHR,https://www.amazon.in/dp/B0744LYGHR,https://www.flipkart.com/nova-temperature-control-professional-nhs-900-hair-straightener/p/itmc0aca2daf13eb?pid=HSTEWTUG5S2KYZ7Q&lid=LSTHSTEWTUG5S2KYZ7QUWFQUN&marketplace=FLIPKART&q=Nova+NHS-900&store=zlw%2F79s%2Fdk5&srno=s_1_1&otracker=search&otracker1=search&fm=SEARCH&iid=942a40cb-3ffd-4b38-86e4-6f14c972ac2f.HSTEWTUG5S2KYZ7Q.SEARCH&ppt=sp&ppn=sp&ssid=vgi2rsyi3k0000001642666485960&qH=6e33110b5aaf8b0c
B07JM1KBJG,https://www.amazon.in/dp/B07JM1KBJG,https://www.flipkart.com/nova-infrared-nhs-890-extra-wide-plate-hair-straightener/p/itm5c5abab50e14e?pid=HSTFDYTCZVEMMQ4W&lid=LSTHSTFDYTCZVEMMQ4W7UKSUQ&marketplace=FLIPKART&q=Nova+Temperature+Control+Professional+NHS+890+Hair+Straightener+%28Black%29&store=zlw%2F79s%2Fdk5&srno=s_1_1&otracker=search&otracker1=search&fm=SEARCH&iid=f96134d6-f277-4917-9119-a9d9297b5715.HSTFDYTCZVEMMQ4W.SEARCH&ppt=sp&ppn=sp&ssid=58lev9efpc0000001642666629494&qH=ddf1de1303b570d7
B07JLNP79F,https://www.amazon.in/dp/B07JLNP79F,https://www.flipkart.com/nova-nhs-889-hair-straightener/p/itmede235bb46551?pid=HSTFCYPYYHFZYYGY&lid=LSTHSTFCYPYYHFZYYGYH2BL4F&marketplace=FLIPKART&q=Nova+Nhs+889&store=zlw%2F79s%2Fdk5&srno=s_1_1&otracker=search&otracker1=search&fm=SEARCH&iid=c467ff89-8434-474d-b280-dd06a889dafb.HSTFCYPYYHFZYYGY.SEARCH&ppt=sp&ppn=sp&ssid=yfrfcse2n40000001642666751012&qH=812c5b7c73d7b1fc
B07HCLSDBZ,https://www.amazon.in/dp/B07HCLSDBZ,
B085MMMGYK,https://www.amazon.in/dp/B085MMMGYK,https://www.flipkart.com/nova-digital-display-kerasilk-2-1-straight-curl-nhs-851-hair-straightener/p/itmf98ff47c103b3?pid=HSTFZAPVTTGZ4YKH&lid=LSTHSTFZAPVTTGZ4YKHHBQJIU&marketplace=FLIPKART&q=Nova+NHS+851&store=zlw%2F79s%2Fdk5&srno=s_1_1&otracker=search&otracker1=search&fm=SEARCH&iid=c3e1ff7b-3ee2-45b1-b384-2c28046b96f0.HSTFZAPVTTGZ4YKH.SEARCH&ppt=sp&ppn=sp&ssid=60o4pmg51s0000001642667227155&qH=8e6c531be7b59f88
B08BXGF4GG,https://www.amazon.in/dp/B08BXGF4GG,
B073RGFFVL,https://www.amazon.in/dp/B073RGFFVL,https://www.flipkart.com/nova-nls-530-sensi-trim-touch-runtime-45-min-trimmer-women/p/itm4d67f80f37d6f?pid=TMRF9ET6HJXCF58W&lid=LSTTMRF9ET6HJXCF58WDSQJ5D&marketplace=FLIPKART&q=Nova+NLS+530&store=zlw%2F79s%2Fby3&srno=s_1_1&otracker=search&otracker1=search&fm=SEARCH&iid=5ba94ae5-ea74-4395-b52e-45aa7b75ee3e.TMRF9ET6HJXCF58W.SEARCH&ppt=sp&ppn=sp&ssid=z7mrvoizls0000001642667595319&qH=6fb59e27d7010a24
B08G4VJCNH,https://www.amazon.in/dp/B08G4VJCNH,
B08BXGBGVY,https://www.amazon.in/dp/B08BXGBGVY,https://www.flipkart.com/nova-nls-532-facial-sensi-trim-touch-runtime-60-min-trimmer-women/p/itm99d5622a21c3a?pid=TMRFTZ8GAQSRFJX4&lid=LSTTMRFTZ8GAQSRFJX4JNHGEO&marketplace=FLIPKART&q=Nova+NLS+532&store=zlw%2F79s%2Fby3&srno=s_1_1&otracker=search&otracker1=search&fm=SEARCH&iid=7ee1e2df-881a-44c8-b312-f878f5499384.TMRFTZ8GAQSRFJX4.SEARCH&ppt=sp&ppn=sp&ssid=f54ydssy5c0000001642667819611&qH=2980cff4c122cfff
B08BXGVSWT,https://www.amazon.in/dp/B08BXGVSWT,https://www.flipkart.com/nova-nls-533-facial-sensi-trim-touch-runtime-60-min-trimmer-women/p/itm782f2a61728af?pid=TMRFTZ8PHPMUU7CF&lid=LSTTMRFTZ8PHPMUU7CFOTXJI5&marketplace=FLIPKART&q=Nova+NLS+533&store=zlw%2F79s%2Fby3&srno=s_1_1&otracker=search&otracker1=search&fm=SEARCH&iid=92b80d9f-e304-48a2-a147-7ad69f27bd2a.TMRFTZ8PHPMUU7CF.SEARCH&ppt=sp&ppn=sp&ssid=vu6jia0d280000001642667950643&qH=6d914e11924f79f9
B08M6PPRV3,https://www.amazon.in/dp/B08M6PPRV3,https://www.flipkart.com/vega-vhth-16-runtime-90-mins-trimmer-men/p/itma73e8b15bd7b6?pid=TMRG22EWGFGHSVVA&lid=LSTTMRG22EWGFGHSVVAL2FJ9T&marketplace=FLIPKART&q=VHTH-16&store=zlw%2F79s%2Fby3&srno=s_1_1&otracker=search&otracker1=search&fm=SEARCH&iid=5376db96-3be4-4bc8-b6af-9bf7ef7fe643.TMRG22EWGFGHSVVA.SEARCH&ppt=sp&ppn=sp&ssid=oap2jo4m680000001642668445722&qH=e0e4677cab633404
B09G365969,https://www.amazon.in/dp/B09G365969,https://www.flipkart.com/vega-men-x3-beard-trimmer-quick-charge-90-mins-run-time-waterproof-cord-cordless-use-40-length-settings-vhth-24-runtime-min/p/itm61634d6dc0549?pid=TMRG6TN9VMTTDGF3&lid=LSTTMRG6TN9VMTTDGF3NR8DMV&marketplace=FLIPKART&q=VEGA+Men+X3+Beard+Trimmer&store=zlw%2F79s%2Fby3&srno=s_1_1&otracker=search&otracker1=search&fm=SEARCH&iid=a4dcbbca-23f1-4430-8655-365626bff58c.TMRG6TN9VMTTDGF3.SEARCH&ppt=sp&ppn=sp&ssid=nu4j5rvu4g0000001642668143993&qH=d3c8e7d13df3c927
B08M6WN6L4,https://www.amazon.in/dp/B08M6WN6L4,https://www.flipkart.com/vega-vhth-17-runtime-90-mins-trimmer-men/p/itmed9f2bdea3b03?pid=TMRG22EWSYXAPDWX&lid=LSTTMRG22EWSYXAPDWXGGZLEE&marketplace=FLIPKART&q=VEGA+Men+X2+Beard+Trimmer&store=zlw%2F79s%2Fby3&srno=s_1_5&otracker=search&otracker1=search&fm=SEARCH&iid=e4d28704-6fc0-403b-ac2d-595eaa281bbc.TMRG22EWSYXAPDWX.SEARCH&ppt=sp&ppn=sp&ssid=dl65evjiv40000001642668202946&qH=030ff6cedecc1d48
B08BQ18P3S,https://www.amazon.in/dp/B08BQ18P3S,https://www.flipkart.com/vega-vhth-19-runtime-90-min-trimmer-men/p/itmb312d09d9edf6?pid=TMRFXM8TRDWGGJJX&lid=LSTTMRFXM8TRDWGGJJXEF0U63&marketplace=FLIPKART&q=VHTH-19&store=zlw%2F79s%2Fby3&srno=s_1_1&otracker=search&otracker1=search&fm=SEARCH&iid=29bf0a21-3a78-4edd-b733-17f38ff4d1ab.TMRFXM8TRDWGGJJX.SEARCH&ppt=sp&ppn=sp&ssid=dgeq00ykb40000001642668408390&qH=a8b8f1283e305a02
B09DMM7L3J,https://www.amazon.in/dp/B09DMM7L3J,https://www.flipkart.com/vega-men-10-in-1-ezy-multi-grooming-set-beard-hair-trimmer-nose-trimmer-body-groomer-shaver-vhth-22-runtime-80-min/p/itm5eab86bf6b87a?pid=TMRG69FMSG5QQHMJ&lid=LSTTMRG69FMSG5QQHMJYAZVV3&marketplace=FLIPKART&q=VHTH-22&store=zlw%2F79s%2Fby3&srno=s_1_1&otracker=search&otracker1=search&fm=SEARCH&iid=9091b64f-bcdc-41a1-8080-f49e5f85b700.TMRG69FMSG5QQHMJ.SEARCH&ppt=sp&ppn=sp&ssid=fooshiy2hs0000001642668482488&qH=16f1aaca42e533aa
B09DMMZXZM,https://www.amazon.in/dp/B09DMMZXZM,https://www.flipkart.com/vega-men-9-in-1-multi-grooming-set-beard-hair-trimmer-nose-trimmer-body-groomer-shaver-vhth-21-runtime-80-min/p/itm4b7fad66b0eed?pid=TMRG69FMHKHFKPWQ&lid=LSTTMRG69FMHKHFKPWQ6JCMVB&marketplace=FLIPKART&q=VHTH-21&store=zlw%2F79s%2Fby3&srno=s_1_1&otracker=search&otracker1=search&fm=SEARCH&iid=f862f625-0ee6-4fbb-9553-8263ce645c1c.TMRG69FMHKHFKPWQ.SEARCH&ppt=sp&ppn=sp&ssid=1fef73th800000001642668652660&qH=d49ea096c8e88b9a
B00FWK5FPS,https://www.amazon.in/dp/B00FWK5FPS,
B08BPW8Y25,https://www.amazon.in/dp/B08BPW8Y25,https://www.flipkart.com/vega-t-1-runtime-40-min-trimmer-men/p/itmde3d7aa5d7c70?pid=TMRFVFREY8YRHGKA&lid=LSTTMRFVFREY8YRHGKAGGOGSG&marketplace=FLIPKART&q=Vega+Men+T1&store=zlw%2F79s%2Fby3&srno=s_1_1&otracker=search&otracker1=search&fm=SEARCH&iid=a1f3e351-496c-47b6-a641-4d7cf8603058.TMRFVFREY8YRHGKA.SEARCH&ppt=sp&ppn=sp&ssid=zglnq6l9qo0000001642669154935&qH=7177cecea3587ac2
B07PKBDP8W,https://www.amazon.in/dp/B07PKBDP8W,
B07TDLQLHR,https://www.amazon.in/dp/B07TDLQLHR,https://www.flipkart.com/vega-19/p/itmcf778acc883a3?pid=HCBFPFEEVQJQC3NW&lid=LSTHCBFPFEEVQJQC3NWANPQ02&marketplace=FLIPKART&q=Vega+Beard+Comb&store=g9b%2Flcf%2Fbjl&srno=s_1_1&otracker=search&otracker1=search&fm=SEARCH&iid=0c153714-b62d-49b4-a9ce-992d07ffa21d.HCBFPFEEVQJQC3NW.SEARCH&ppt=sp&ppn=sp&ssid=maze26aws00000001642669278593&qH=a3d7871604593a83
B07T9DS1KW,https://www.amazon.in/dp/B07T9DS1KW,
B0876H8QDR,https://www.amazon.in/dp/B0876H8QDR,
B07TFQ2KFW,https://www.amazon.in/dp/B07TFQ2KFW,
B00791F652,https://www.amazon.in/dp/B00791F652,
B0876G7W51,https://www.amazon.in/dp/B0876G7W51,
B07TCH2LCN,https://www.amazon.in/dp/B07TCH2LCN,
B096W98X42,https://www.amazon.in/dp/B096W98X42,
B096W3W388,https://www.amazon.in/dp/B096W3W388,https://www.flipkart.com/philips-bhs738-00-hair-straightener/p/itm582d4c05512c8?pid=HSTG3D7VGD9XSPGH&lid=LSTHSTG3D7VGD9XSPGHEKBWAP&marketplace=FLIPKART&q=PHILIPS+BHS738%2F00&store=search.flipkart.com&srno=s_1_1&otracker=search&otracker1=search&fm=SEARCH&iid=32a0c52d-f797-43f0-9060-6623acefbcdf.HSTG3D7VGD9XSPGH.SEARCH&ppt=sp&ppn=sp&ssid=wahe60jals0000001642669664402&qH=e850744dd6fd8d58
B096VZHQ6X,https://www.amazon.in/dp/B096VZHQ6X,https://www.flipkart.com/philips-bhs397-40-hair-straightener/p/itme0460085e68c8?pid=HSTG3D7VQXKKSZR4&lid=LSTHSTG3D7VQXKKSZR493GAI7&marketplace=FLIPKART&q=PHILIPS+BHS397%2F40&store=search.flipkart.com&srno=s_1_1&otracker=search&otracker1=search&fm=SEARCH&iid=c2ac7f67-acde-4554-b521-a92613127235.HSTG3D7VQXKKSZR4.SEARCH&ppt=sp&ppn=sp&ssid=gzkzzhn8kg0000001642669733132&qH=423f3bcee77f7999
B086XTM88X,https://www.amazon.in/dp/B086XTM88X,https://www.flipkart.com/philips-bhs378-10-hair-straightener/p/itm557b73f92684f?pid=HSTFV8UHCRGQEUJQ&lid=LSTHSTFV8UHCRGQEUJQOBML1H&marketplace=FLIPKART&q=PHILIPS+Bhs378%2F10&store=search.flipkart.com&srno=s_1_1&otracker=search&otracker1=search&fm=SEARCH&iid=31ff75f0-2ab7-407a-a38e-cd336349ee73.HSTFV8UHCRGQEUJQ.SEARCH&ppt=sp&ppn=sp&ssid=w7wenx3wu80000001642669963884&qH=e840007d35b67c4d
B095BPMHWH,https://www.amazon.in/dp/B095BPMHWH,https://www.flipkart.com/philips-bhs393-40-hair-straightener/p/itm2fc662ccb0d00?pid=HSTG3D7VKFNHX7DK&lid=LSTHSTG3D7VKFNHX7DKOY2YGI&marketplace=FLIPKART&q=PHILIPS+BHS393%2F40&store=search.flipkart.com&srno=s_1_1&otracker=search&otracker1=search&fm=SEARCH&iid=4ccb1f75-3ad5-4d28-99a8-3748ea125ba7.HSTG3D7VKFNHX7DK.SEARCH&ppt=sp&ppn=sp&ssid=z8odxbws740000001642670011667&qH=d723ae3c8a12d527
B01M1RGCNV,https://www.amazon.in/dp/B01M1RGCNV,https://www.flipkart.com/nova-nht-1020-runtime-30-min-trimmer-men/p/itmebdc6459a2a9a?pid=SHVEKX8D8NCTDYG2&lid=LSTSHVEKX8D8NCTDYG2XMSZNX&marketplace=FLIPKART&q=Nova+NHT+-+1020&store=zlw%2F79s%2Fby3&srno=s_1_1&otracker=search&otracker1=search&fm=SEARCH&iid=e5608674-8d5f-4f19-98eb-504cb74f34b1.SHVEKX8D8NCTDYG2.SEARCH&ppt=sp&ppn=sp&ssid=mb7kaj4irk0000001642670206967&qH=5bcb9b557fd35c96
B00VT8CUHS,https://www.amazon.in/dp/B00VT8CUHS,https://www.flipkart.com/nova-nht-1045-bl-runtime-30-min-trimmer-men/p/itmb39a8f1194138?pid=SHVE7H6TH5BHEZWW&lid=LSTSHVE7H6TH5BHEZWWUKWMVQ&marketplace=FLIPKART&q=Nova+NHT-1045&store=zlw%2F79s%2Fby3&srno=s_1_3&otracker=search&otracker1=search&fm=SEARCH&iid=de3c0b77-0b0b-4d02-8670-363af1ff2c97.SHVE7H6TH5BHEZWW.SEARCH&ppt=sp&ppn=sp&ssid=zoaejftmf40000001642670259322&qH=245f71231584c362
B00RGPNOEQ,https://www.amazon.in/dp/B00RGPNOEQ,https://www.flipkart.com/nova-nht-1045-b-runtime-30-min-trimmer-men/p/itmc4ffeb25f56a5?pid=SHVDXFJVSHZMZJT6&lid=LSTSHVDXFJVSHZMZJT6LK4JTB&marketplace=FLIPKART&q=Nova+NHT-1045&store=zlw%2F79s%2Fby3&srno=s_1_2&otracker=search&otracker1=search&fm=SEARCH&iid=de3c0b77-0b0b-4d02-8670-363af1ff2c97.SHVDXFJVSHZMZJT6.SEARCH&ppt=sp&ppn=sp&ssid=zoaejftmf40000001642670259322&qH=245f71231584c362
B093798DWM,https://www.amazon.in/dp/B093798DWM,https://www.flipkart.com/nova-nht-1046-02-runtime-30-min-trimmer-men/p/itme3299e2460655?pid=TMRF4ZARFR9F6QN7&lid=LSTTMRF4ZARFR9F6QN7BGBD4W&marketplace=FLIPKART&q=NOVA+NHT+1046&store=zlw%2F79s%2Fby3&srno=s_1_2&otracker=search&otracker1=search&fm=SEARCH&iid=08362d5b-f92a-4e9d-9f63-0fb432d70d43.TMRF4ZARFR9F6QN7.SEARCH&ppt=sp&ppn=sp&ssid=e4cfrp79740000001642670329423&qH=d594f3ad80fd519a
B01ID50B1Q,https://www.amazon.in/dp/B01ID50B1Q,
B00VT8D5OK,https://www.amazon.in/dp/B00VT8D5OK,
B00RGPO1LG,https://www.amazon.in/dp/B00RGPO1LG,
B019VXS86E,https://www.amazon.in/dp/B019VXS86E,
B075SBM51N,https://www.amazon.in/dp/B075SBM51N,
B0183I7K1W,https://www.amazon.in/dp/B0183I7K1W,https://www.flipkart.com/nova-nht-1071-titanium-coated-usb-runtime-45-min-trimmer-men/p/itm876050a508b7c?pid=SHVEXTPGAYHGHSS4&lid=LSTSHVEXTPGAYHGHSS4IANRCW&marketplace=FLIPKART&q=Nova+NHT-1071&store=zlw%2F79s%2Fby3&srno=s_1_1&otracker=search&otracker1=search&fm=SEARCH&iid=3295e413-d5da-4cde-a783-be6683c51fa3.SHVEXTPGAYHGHSS4.SEARCH&ppt=sp&ppn=sp&ssid=8tdtai36800000001642670681250&qH=27b1259b60ca360f
B075SCBTGW,https://www.amazon.in/dp/B075SCBTGW,https://www.flipkart.com/nova-nht-1072-fast-charge-titanium-coated-usb-runtime-45-min-trimmer-men/p/itm03521452794f7?pid=SHVEXTQAGNT2UVRB&lid=LSTSHVEXTQAGNT2UVRBJECRSK&marketplace=FLIPKART&q=Nova+NHT+1072&store=zlw%2F79s%2Fby3&srno=s_1_1&otracker=search&otracker1=search&fm=SEARCH&iid=81a6d18e-8694-4463-aa69-ba0d895b5440.SHVEXTQAGNT2UVRB.SEARCH&ppt=sp&ppn=sp&ssid=hd51l2j4qo0000001642670718316&qH=76e605a005b321cf
B07JM1PJ3H,https://www.amazon.in/dp/B07JM1PJ3H,https://www.flipkart.com/nova-nht-1073-00-usb-runtime-60-min-trimmer-men/p/itm0ccfb3a481d0d?pid=TMRFEGHYXZEHYAZJ&lid=LSTTMRFEGHYXZEHYAZJYYNXXB&marketplace=FLIPKART&q=Nova+NHT+1073+&store=zlw%2F79s%2Fby3&srno=s_1_2&otracker=search&otracker1=search&fm=SEARCH&iid=1efd75f4-7aac-4b4c-ac5f-52693c4ba780.TMRFEGHYXZEHYAZJ.SEARCH&ppt=sp&ppn=sp&ssid=snk0z8emr40000001642670757408&qH=043656ccf792738b
B08RBND41W,https://www.amazon.in/dp/B08RBND41W,
B08BXH1QNL,https://www.amazon.in/dp/B08BXH1QNL,https://www.flipkart.com/nova-nht-1074-usb-runtime-30-min-trimmer-men/p/itm14ff6d6de8664?pid=TMRFSA57WQGG25AM&lid=LSTTMRFSA57WQGG25AMJ0OF3T&marketplace=FLIPKART&q=Nova+NHT+1074+USB&store=zlw%2F79s%2Fby3&spotlightTagId=BestsellerId_zlw%2F79s%2Fby3&srno=s_1_1&otracker=search&otracker1=search&fm=SEARCH&iid=d5c92095-769c-4840-9729-31478015e5d0.TMRFSA57WQGG25AM.SEARCH&ppt=sp&ppn=sp&ssid=07ci1kmcw00000001642670866501&qH=837905e55502883b
B07JLBFYX7,https://www.amazon.in/dp/B07JLBFYX7,https://www.flipkart.com/nova-nht-1076-runtime-30-min-trimmer-men/p/itm070cc9c271c48?pid=TMRFA2GXQKGVGTHY&lid=LSTTMRFA2GXQKGVGTHYCBXXUR&marketplace=FLIPKART&q=Nova+NHT+1076&store=zlw%2F79s%2Fby3&spotlightTagId=BestsellerId_zlw%2F79s%2Fby3&srno=s_1_1&otracker=search&otracker1=search&fm=SEARCH&iid=140cd108-686d-4549-8b59-7cf49defc9db.TMRFA2GXQKGVGTHY.SEARCH&ppt=sp&ppn=sp&ssid=rv5q5i3jgg0000001642670927697&qH=69bdbabe9cf3cbe1
B07WTHPDKY,https://www.amazon.in/dp/B07WTHPDKY,https://www.flipkart.com/nova-nht-1077-runtime-30-min-trimmer-men/p/itmdb5a5c341d204?pid=TMRFHZ4VYBHHESXH&lid=LSTTMRFHZ4VYBHHESXH0GAUV5&marketplace=FLIPKART&q=Nova+NHT+1077&store=zlw%2F79s%2Fby3&srno=s_1_1&otracker=search&otracker1=search&fm=SEARCH&iid=c1d1ae11-e643-4135-8627-a11b5b75d176.TMRFHZ4VYBHHESXH.SEARCH&ppt=sp&ppn=sp&ssid=3lwwu1ujnk0000001642670979795&qH=ccce536a9a918f04
B07WRCRFBN,https://www.amazon.in/dp/B07WRCRFBN,https://www.flipkart.com/nova-nht-1078-runtime-30-min-trimmer-men/p/itm109d5f69ddca4?pid=TMRFGYH2J3FTGGRN&lid=LSTTMRFGYH2J3FTGGRNOVZW0P&marketplace=FLIPKART&q=Nova+NHT+1078&store=zlw%2F79s%2Fby3&spotlightTagId=BestsellerId_zlw%2F79s%2Fby3&srno=s_1_1&otracker=search&otracker1=search&fm=SEARCH&iid=94846c0a-75e5-4cb9-a06a-a83fcb5065f6.TMRFGYH2J3FTGGRN.SEARCH&ppt=sp&ppn=sp&ssid=683b437nz40000001642671016510&qH=80134f48df6c7d72
B07VLZ7HKP,https://www.amazon.in/dp/B07VLZ7HKP,https://www.flipkart.com/nova-nht-1078-runtime-30-min-trimmer-men/p/itm109d5f69ddca4?pid=TMRFGYH2J3FTGGRN&lid=LSTTMRFGYH2J3FTGGRNOVZW0P&marketplace=FLIPKART&q=Nova+NHT+1078&store=zlw%2F79s%2Fby3&spotlightTagId=BestsellerId_zlw%2F79s%2Fby3&srno=s_1_1&otracker=search&otracker1=search&fm=SEARCH&iid=94846c0a-75e5-4cb9-a06a-a83fcb5065f6.TMRFGYH2J3FTGGRN.SEARCH&ppt=sp&ppn=sp&ssid=683b437nz40000001642671016510&qH=80134f48df6c7d72
B07DG1357W,https://www.amazon.in/dp/B07DG1357W,
B07HCQYSB6,https://www.amazon.in/dp/B07HCQYSB6,
B098L475JF,https://www.amazon.in/dp/B098L475JF,https://www.flipkart.com/nova-prime-series-nht-1094-runtime-45-min-trimmer-men/p/itm6ec720a5ef675?pid=TMRF99Y4SY9CNFCR&lid=LSTTMRF99Y4SY9CNFCRY5EEXL&marketplace=FLIPKART&q=Nova+Beard+Trimmer+NHT+1094&store=zlw%2F79s%2Fby3&srno=s_1_1&otracker=search&otracker1=search&fm=SEARCH&iid=4dc87a23-fc82-4eaa-b300-cdc10101f6c5.TMRF99Y4SY9CNFCR.SEARCH&ppt=sp&ppn=sp&ssid=rggvzd76680000001642671896765&qH=6f3d174102b942d8
B098L3P618,https://www.amazon.in/dp/B098L3P618,https://www.flipkart.com/nova-prime-series-nht-1096-runtime-120-mins-trimmer-men/p/itm5cb50e62499da?pid=TMRFCP4ZJKEW3ZYE&lid=LSTTMRFCP4ZJKEW3ZYEJHILV9&marketplace=FLIPKART&q=Nova+Beard+Trimmer+NHT+1096&store=zlw%2F79s%2Fby3&srno=s_1_2&otracker=search&otracker1=search&fm=SEARCH&iid=8d3e51b3-9458-40b0-88b6-8b8ebb7c15e3.TMRFCP4ZJKEW3ZYE.SEARCH&ppt=sp&ppn=sp&ssid=48r0rt1d4g0000001642671928695&qH=02cef1ef6ca5e152
B083F8HSQD,https://www.amazon.in/dp/B083F8HSQD,https://www.flipkart.com/nova-nht-1097-00-usb-runtime-45-min-trimmer-men/p/itm7222d4d40e52f?pid=TMRG8KVVXWEVUD2R&lid=LSTTMRG8KVVXWEVUD2RY5KUKD&marketplace=FLIPKART&q=Nova+NHT+1097+&store=zlw%2F79s%2Fby3&srno=s_1_1&otracker=search&otracker1=search&fm=SEARCH&iid=321c9ad6-0e8d-4774-94dc-8381b6d6f4e9.TMRG8KVVXWEVUD2R.SEARCH&ppt=sp&ppn=sp&ssid=6n0d5ng6nk0000001642671976188&qH=797e3ac1bd402ac9
B085MMXTWN,https://www.amazon.in/dp/B085MMXTWN,https://www.flipkart.com/nova-nht-1098-00-digital-usb-runtime-150-min-trimmer-men/p/itm5db3a969a1519?pid=TMRG8KVXZTS6TCJY&lid=LSTTMRG8KVXZTS6TCJYN4O31M&marketplace=FLIPKART&q=Nova+NHT+1098&store=zlw%2F79s%2Fby3&srno=s_1_1&otracker=search&otracker1=search&fm=SEARCH&iid=048383a4-4075-4be9-ad1f-4fc2deccb1f8.TMRG8KVXZTS6TCJY.SEARCH&ppt=sp&ppn=sp&ssid=kv2vqa6hwg0000001642672027412&qH=a85d0c664a110833
B07D17R2PP,https://www.amazon.in/dp/B07D17R2PP,https://www.flipkart.com/philips-bt3221-15-runtime-90-min-trimmer-men/p/itmfd6477091662a?pid=TMRF52GYJ5HQF6H7&lid=LSTTMRF52GYJ5HQF6H7E2MEDV&marketplace=FLIPKART&q=Philips+BT3221%2F15&store=zlw%2F79s%2Fby3&spotlightTagId=BestsellerId_zlw%2F79s%2Fby3&srno=s_1_1&otracker=search&otracker1=search&fm=SEARCH&iid=fe39f5b5-793e-456b-91b6-aa893d86d5ff.TMRF52GYJ5HQF6H7.SEARCH&ppt=sp&ppn=sp&ssid=ybs401xaq80000001642672099777&qH=e5d49999a5fc9eb5
B07D1HRHLV,https://www.amazon.in/dp/B07D1HRHLV,https://www.flipkart.com/philips-bt3211-15-runtime-60-min-trimmer-men/p/itm37c003eff1632?pid=TMRF5GBHHDMHRVHH&lid=LSTTMRF5GBHHDMHRVHHJJNUQG&marketplace=FLIPKART&q=Philips+BT3211%2F15&store=zlw%2F79s%2Fby3&spotlightTagId=BestsellerId_zlw%2F79s%2Fby3&srno=s_1_1&otracker=search&otracker1=search&fm=SEARCH&iid=5180d98a-70df-4494-87df-05f401f00e6d.TMRF5GBHHDMHRVHH.SEARCH&ppt=sp&ppn=sp&ssid=ffa2zvaws00000001642672141269&qH=7dcb9236b1922d5a
B08VK1NKTW,https://www.amazon.in/dp/B08VK1NKTW,https://www.flipkart.com/philips-mg5740-15-runtime-80-min-trimmer-men/p/itmf62a351d5451a?pid=TMRGY6NWTBZNWYN8&lid=LSTTMRGY6NWTBZNWYN8KFWBXE&marketplace=FLIPKART&q=Philips+MG5740%2F15&store=search.flipkart.com&srno=s_1_1&otracker=search&otracker1=search&fm=SEARCH&iid=78f2c142-1156-4cde-9424-03c9c020c97c.TMRGY6NWTBZNWYN8.SEARCH&ppt=sp&ppn=sp&ssid=qc2u3woo3k0000001642672294689&qH=91bd724195798f76
B07CXB2ZVB,https://www.amazon.in/dp/B07CXB2ZVB,https://www.flipkart.com/philips-dura-power-bt3203-15-runtime-45-min-trimmer-men/p/itmccfdb43a11b50?pid=TMRF52GYHT2KFDU2&lid=LSTTMRF52GYHT2KFDU29PWXTS&marketplace=FLIPKART&q=Philips+BT3203%2F15&store=zlw%2F79s%2Fby3&srno=s_1_1&otracker=search&otracker1=search&fm=SEARCH&iid=82c96c4e-ec39-4421-b07d-01df146466db.TMRF52GYHT2KFDU2.SEARCH&ppt=sp&ppn=sp&ssid=3cph8b1zuo0000001642672333715&qH=67cea27e6bf72a6b
B08VK5F2RG,https://www.amazon.in/dp/B08VK5F2RG,https://www.flipkart.com/philips-mg3747-15-runtime-70-min-trimmer-men/p/itm5f1255d51f0f6?pid=TMRGY6NWKMAVRFFG&lid=LSTTMRGY6NWKMAVRFFGMT2MEU&marketplace=FLIPKART&q=Philips+MG3747%2F15&store=search.flipkart.com&spotlightTagId=BestvalueId_search.flipkart.com&srno=s_1_1&otracker=search&otracker1=search&fm=SEARCH&iid=5be921d6-9eb3-410c-ad7a-a38a071d2cfe.TMRGY6NWKMAVRFFG.SEARCH&ppt=sp&ppn=sp&ssid=jen4uwsmrk0000001642672415403&qH=7b8484153e652deb
B096RN9V8V,https://www.amazon.in/dp/B096RN9V8V,https://www.flipkart.com/philips-bt1232-15-runtime-30-mins-trimmer-men/p/itm52bc527efdd34?pid=TMRG4AE9REXZGZAK&lid=LSTTMRG4AE9REXZGZAK5HSDCG&marketplace=FLIPKART&q=PHILIPS+BT1232%2F15&store=search.flipkart.com&srno=s_1_1&otracker=search&otracker1=search&fm=SEARCH&iid=ebf6fba0-7992-474b-8fb6-d4ba8625eeff.TMRG4AE9REXZGZAK.SEARCH&ppt=sp&ppn=sp&ssid=0pj5pd7jww0000001642672448103&qH=d25db6eb569d8514
B07NGTRRPN,https://www.amazon.in/dp/B07NGTRRPN,https://www.flipkart.com/philips-oneblade-qp2525-10-runtime-45-min-trimmer-men/p/itm1c358756094e7?pid=TMRFGZ22R3FNMC8U&lid=LSTTMRFGZ22R3FNMC8U5LCLPG&marketplace=FLIPKART&q=Philips+QP2525%2F10&store=zlw%2F79s%2Fby3&spotlightTagId=BestsellerId_zlw%2F79s%2Fby3&srno=s_1_1&otracker=search&otracker1=search&fm=SEARCH&iid=17775fde-3851-4a19-9220-af5e57858901.TMRFGZ22R3FNMC8U.SEARCH&ppt=sp&ppn=sp&ssid=xd76ieabgw0000001642672488867&qH=b907d614cf5023f3
B072WNXLKJ,https://www.amazon.in/dp/B072WNXLKJ,https://www.flipkart.com/philips-mg7715-15-multi-grooming-kit-men-runtime-120-min-trimmer/p/itm247cf021ea4db?pid=TMREXKPGZFKVRZUW&lid=LSTTMREXKPGZFKVRZUWMX1ECX&marketplace=FLIPKART&q=PHILIPS+MG7715%2F15&store=zlw%2F79s%2Fby3&srno=s_1_1&otracker=search&otracker1=search&fm=SEARCH&iid=cc880e40-9c0c-47f2-801b-0e75b8026264.TMREXKPGZFKVRZUW.SEARCH&ppt=sp&ppn=sp&ssid=t3m7ak000w0000001642672537335&qH=a0a36815daba5669
B00TO7K08C,https://www.amazon.in/dp/B00TO7K08C,
B096VZGL9D,https://www.amazon.in/dp/B096VZGL9D,https://www.flipkart.com/philips-bg3005-15-runtime-40-min-body-groomer-men/p/itm5aac9c22564bd?pid=TMRG4XU3NSJSHXCM&lid=LSTTMRG4XU3NSJSHXCMT0FZXH&marketplace=FLIPKART&q=PHILIPS+BG3005%2F15&store=search.flipkart.com&srno=s_1_1&otracker=search&otracker1=search&fm=SEARCH&iid=58c9563f-f9a7-4296-917b-a64abf0b79d4.TMRG4XU3NSJSHXCM.SEARCH&ppt=sp&ppn=sp&ssid=i96t8p2w0g0000001642672618328&qH=1561d62858efc279
B08CHFTNP8,https://www.amazon.in/dp/B08CHFTNP8,
B071J3YJ73,https://www.amazon.in/dp/B071J3YJ73,https://www.flipkart.com/vega-vhscc-01-3-1-hair-straightener/p/itm9d01872426960?pid=HSTES7GGZYNGSSKF&lid=LSTHSTES7GGZYNGSSKFPVGWAH&marketplace=FLIPKART&q=VHSCC-01&store=zlw%2F79s%2Fdk5&spotlightTagId=BestsellerId_zlw%2F79s%2Fdk5&srno=s_1_1&otracker=search&otracker1=search&fm=SEARCH&iid=c33fb353-2d12-46c0-af4d-2d165ae91a88.HSTES7GGZYNGSSKF.SEARCH&ppt=sp&ppn=sp&ssid=w877no796o0000001642672788957&qH=fa030458f24d5d7a
B09QHWXG25,https://www.amazon.in/dp/B09QHWXG25,
B09MTT2WS7,https://www.amazon.in/dp/B09MTT2WS7,
B072HCVMMY,https://www.amazon.in/dp/B072HCVMMY,https://www.flipkart.com/vega-vhss-03-miss-versatile-styling-kit-personal-care-appliance-combo/p/itmetdqcrfvuhueb?pid=PABETDQFFEZG7FPX&lid=LSTPABETDQFFEZG7FPXMN4I6P&marketplace=FLIPKART&q=VHSS-03&store=search.flipkart.com&srno=s_1_1&otracker=search&otracker1=search&fm=SEARCH&iid=311732cd-d537-4fcb-b0df-5d4e6ab2889a.PABETDQFFEZG7FPX.SEARCH&ppt=sp&ppn=sp&ssid=kac540fnxc0000001642672998486&qH=28d14ac26d2ae096
B01N3PB0E6,https://www.amazon.in/dp/B01N3PB0E6,
B00FWK50GC,https://www.amazon.in/dp/B00FWK50GC,https://www.flipkart.com/vega-vhdh-05-hair-dryer/p/itmdsbyrgyvdhtqg?pid=HDRDSA7DYBHHBYEF&lid=LSTHDRDSA7DYBHHBYEFZNN4TY&marketplace=FLIPKART&q=VHDH-05&store=zlw%2F79s%2Fmh8&srno=s_1_1&otracker=search&otracker1=search&fm=SEARCH&iid=b8b354ca-6a16-4a6d-bc5a-1f74d2320027.HDRDSA7DYBHHBYEF.SEARCH&ppt=sp&ppn=sp&ssid=adaqqaqlps0000001642673293518&qH=26e392debce48bd4
B098L6HG12,https://www.amazon.in/dp/B098L6HG12,https://www.flipkart.com/vega-k-shine-hair-straightener/p/itm934028fac0af9?pid=HSTG52MGGGKWCXUZ&lid=LSTHSTG52MGGGKWCXUZHQCY24&marketplace=FLIPKART&q=VEGA+K-Shine+Hair+Straightener&store=zlw%2F79s%2Fdk5&srno=s_1_1&otracker=search&otracker1=search&fm=SEARCH&iid=b801dd7a-50e0-4c8e-b198-56750f2bebdc.HSTG52MGGGKWCXUZ.SEARCH&ppt=sp&ppn=sp&ssid=1m6s4agm2o0000001642673416041&qH=62c72abd7603e3af
B09MTP9SGP,https://www.amazon.in/dp/B09MTP9SGP,
B08BRZ2M4Q,https://www.amazon.in/dp/B08BRZ2M4Q,
B00QLX3UZC,https://www.amazon.in/dp/B00QLX3UZC,https://www.flipkart.com/vega-pro-touch-1800-2000-hair-dryer/p/itm695a990dd7356?pid=HDRFQ3JADQRRWU3M&lid=LSTHDRFQ3JADQRRWU3MOEZV6F&marketplace=FLIPKART&q=VEGA+Pro+Touch+1800-2000+Watts+&store=search.flipkart.com&srno=s_1_1&otracker=search&otracker1=search&fm=SEARCH&iid=b38c7580-a26a-49d1-b8a7-dc8a171348c7.HDRFQ3JADQRRWU3M.SEARCH&ppt=sp&ppn=sp&ssid=vbyz9oa7v40000001642673735070&qH=b83899a102d930a9
B07YCXRZWM,https://www.amazon.in/dp/B07YCXRZWM,https://www.flipkart.com/vega-insta-glam-1000-hair-dryer/p/itmdc3fe0c469278?pid=HDRFKHBV896J7NES&lid=LSTHDRFKHBV896J7NESLZ1FVM&marketplace=FLIPKART&q=VEGA+Insta+Glam+Foldable+1000+Watts+Hair+Dryer+With+2+Heat+%26+Speed+Settings%2C+VHDH-20%2C+Pink+%28Made+In+India%29&store=zlw%2F79s%2Fmh8&srno=s_1_1&otracker=search&otracker1=search&fm=SEARCH&iid=5b446343-2a0d-48c6-9a06-10f6dec479c0.HDRFKHBV896J7NES.SEARCH&ppt=sp&ppn=sp&ssid=5nv2elcc6o0000001642673819667&qH=9336adad7ee55ff0
B09MTQQ8D7,https://www.amazon.in/dp/B09MTQQ8D7,
B078GSXY26,https://www.amazon.in/dp/B078GSXY26,
B09G6SFFSV,https://www.amazon.in/dp/B09G6SFFSV,https://www.flipkart.com/vega-feather-touch-4-in-1-trimmer-women-vhbt-03-runtime-60-min-women/p/itm8a8b255bf9c8a?pid=TMRG6UGZZFZ3MSZ8&lid=LSTTMRG6UGZZFZ3MSZ8GHUNYD&marketplace=FLIPKART&q=VEGA+Feather+Touch+4+In+1+Trimmer+for+Women%3A&store=zlw%2F79s%2Fby3&srno=s_1_1&otracker=search&otracker1=search&fm=SEARCH&iid=71ffeae3-9fbb-46b0-b274-5620ee63fe74.TMRG6UGZZFZ3MSZ8.SEARCH&ppt=sp&ppn=sp&ssid=a7ylgr1pfk0000001642674100672&qH=0e230dbae4d4dd59
B09DM7YH79,https://www.amazon.in/dp/B09DM7YH79,https://www.flipkart.com/vega-vhck-01-smart-9-in-1-head-toe-cleaning-set-pedicure-manicure-skin-body-massager-vhck-01-massager/p/itm3b8fdd01b5fb2?pid=MASG6KTDAFTYGAHR&lid=LSTMASG6KTDAFTYGAHRSWCB5D&marketplace=FLIPKART&q=VEGA+Smart+9-in-1+Head+To+Toe+Cleaning+Set+For+Pedicure%2C+Manicure+And+Skin+%26+Body+Massager%2C+%28VHCK-01%29%2C+White&store=search.flipkart.com&srno=s_1_1&otracker=search&otracker1=search&fm=SEARCH&iid=ea0e8a55-5c91-4fc6-ac9e-80e3186714a5.MASG6KTDAFTYGAHR.SEARCH&ppt=sp&ppn=sp&ssid=4ohkc7gjn40000001642674286024&qH=2fa6d4fa9f9393d2
B09DMC1DS2,https://www.amazon.in/dp/B09DMC1DS2,https://www.flipkart.com/vega-ezy-2-in-1-unisex-face-body-nose-trimmer-ipx-5-water-resistant-vhbt-02-runtime-0-min-body-groomer-men-women/p/itma21670b731611?pid=TMRG69FMGEKC8HNT&lid=LSTTMRG69FMGEKC8HNTPBOZWS&marketplace=FLIPKART&q=VHBT-02&store=search.flipkart.com&srno=s_1_1&otracker=search&otracker1=search&fm=SEARCH&iid=a7d56b21-0876-49b8-9032-da2eb697d86a.TMRG69FMGEKC8HNT.SEARCH&ppt=sp&ppn=sp&ssid=sjfj9cqfyo0000001642674383521&qH=530bd678abecf719
B09BWN47S1,https://www.amazon.in/dp/B09BWN47S1,https://www.flipkart.com/vega-vhls-02-shaver-women/p/itm98280b28b2eb2?pid=SHVG5H87YSW6YAN8&lid=LSTSHVG5H87YSW6YAN8BU6JSB&marketplace=FLIPKART&q=VHLS-02&store=search.flipkart.com&srno=s_1_1&otracker=search&otracker1=search&fm=SEARCH&iid=e04189c1-61fb-41ef-a216-efd5a9dfaf18.SHVG5H87YSW6YAN8.SEARCH&ppt=sp&ppn=sp&ssid=syb9vgs5gw0000001642674421706&qH=d64c4ae2573378ba
B07YCY8D69,https://www.amazon.in/dp/B07YCY8D69,https://www.flipkart.com/vega-hair-crimper-vhcr-01-straightener/p/itm1d3973cd3863b?pid=HSTFH4G9ZHY7QSHB&lid=LSTHSTFH4G9ZHY7QSHB9UJ92R&marketplace=FLIPKART&q=VHCR-01&store=search.flipkart.com&srno=s_1_4&otracker=search&otracker1=search&fm=SEARCH&iid=b667f64c-77b1-4863-a555-f206c5c70137.HSTFH4G9ZHY7QSHB.SEARCH&ppt=sp&ppn=sp&ssid=6kxhv71av40000001642674474058&qH=d91dee3ba81474cc
B098L55BXG,https://www.amazon.in/dp/B098L55BXG,
B00TTUPQ38,https://www.amazon.in/dp/B00TTUPQ38,https://www.flipkart.com/vega-women-beige-black-ease-curl-hair-curling-iron-vhch-01-electric-curler/p/itma1d2a497e1fae?pid=EHRFNU6M74WFYWGT&lid=LSTEHRFNU6M74WFYWGTHGAUQ4&marketplace=FLIPKART&q=VEGA+Ease+Curl+19+mm+Barrel+Hair+Curler+With+Ceramic+Coated+Plates%2C+%28VHCH-01%29%2C+Beige&store=search.flipkart.com&srno=s_1_1&otracker=search&otracker1=search&fm=SEARCH&iid=35bb5220-1426-48a6-9e83-4c074ff72c16.EHRFNU6M74WFYWGT.SEARCH&ppt=sp&ppn=sp&ssid=98tl7y21fk0000001642674660988&qH=d5f9c22ff864df72
B07HQ75QQM,https://www.amazon.in/dp/B07HQ75QQM,
B01N3TH1Q3,https://www.amazon.in/dp/B01N3TH1Q3,https://www.flipkart.com/vega-vhss-02-personal-care-appliance-combo/p/itmccc452fef35ba?pid=HSTERZTNPBYHFPWC&lid=LSTHSTERZTNPBYHFPWCQRCJMT&marketplace=FLIPKART&q=VHSS-02&store=search.flipkart.com&srno=s_1_2&otracker=search&otracker1=search&fm=SEARCH&iid=8b57f209-9d17-4136-9ea7-82ac5dfd0e8e.HSTERZTNPBYHFPWC.SEARCH&ppt=sp&ppn=sp&ssid=rk1fqcnppc0000001642674846956&qH=2e8c613c6d395f9a
B00TTTTYVO,https://www.amazon.in/dp/B00TTTTYVO,https://www.flipkart.com/vega-vhch-02-electric-hair-curler/p/itme53c3qsh4beyw?pid=HCRE53C22MQCSTK5&lid=LSTHCRE53C22MQCSTK5KG2UR5&marketplace=FLIPKART&q=VHCH-02&store=zlw%2F79s%2F76i&srno=s_1_1&otracker=search&otracker1=search&fm=SEARCH&iid=36eb62ed-3109-4db2-9b16-75bc7416f4cc.HCRE53C22MQCSTK5.SEARCH&ppt=sp&ppn=sp&ssid=vh4br29vb40000001642674980552&qH=13212bb6e32b73c4
B07HW3YZGW,https://www.amazon.in/dp/B07HW3YZGW,https://www.flipkart.com/vega-silk-touch-trimmer-vhbt-01-runtime-250-min-women/p/itmf6764c7108f85?pid=TMRFBCPGJZGSJPVJ&lid=LSTTMRFBCPGJZGSJPVJNEU8RY&marketplace=FLIPKART&q=VHBT-01&store=search.flipkart.com&srno=s_1_1&otracker=search&otracker1=search&fm=SEARCH&iid=c8490e92-c377-4324-9b0f-2ad88c2a53dd.TMRFBCPGJZGSJPVJ.SEARCH&ppt=sp&ppn=sp&ssid=cfdo7p95cg0000001642675068788&qH=aed03c08b6544304
B08SMPC12X,https://www.amazon.in/dp/B08SMPC12X,https://www.flipkart.com/philips-bhd356-10-2100w-thermoprotect-airflower-advanced-care-6-heat-speed-settings-black-hair-dryer/p/itmf6df66cc87ba4?pid=HDRGYCC9AYS5TZHM&lid=LSTHDRGYCC9AYS5TZHMHGFJLU&marketplace=FLIPKART&q=Philips+Professional+Hair+Dryer+BHD356%2F10&store=zlw%2F79s%2Fmh8&srno=s_1_1&otracker=search&otracker1=search&fm=SEARCH&iid=f73dbc0a-9372-4a1f-9455-b42c3302325a.HDRGYCC9AYS5TZHM.SEARCH&ppt=sp&ppn=sp&ssid=8r04rtok680000001642675149701&qH=c934b5f24c0909bf
B08SMMRJJL,https://www.amazon.in/dp/B08SMMRJJL,https://www.flipkart.com/philips-bhd318-00-1600w-thermoprotect-airflower-advanced-ionic-care-3-heat-speed-settings-hair-dryer/p/itmdcc14bf1cb1e0?pid=HDRG2CM9HVDMPT6Q&lid=LSTHDRG2CM9HVDMPT6QALGNII&marketplace=FLIPKART&q=Philips+Hair+Dryer+BHD318%2F00+1600+Watts+Thermoprotect+AirFlower+Advanced+Ionic+Care+3+Heat+%26+Speed+Settings+to+Give+Frizz+Free+Shiny+Hair-Purple&store=zlw%2F79s%2Fmh8&srno=s_1_1&otracker=search&otracker1=search&fm=SEARCH&iid=030726bb-a2c8-45f3-98ec-53b808dc087f.HDRG2CM9HVDMPT6Q.SEARCH&ppt=sp&ppn=sp&ssid=nelya865fk0000001642675215373&qH=048a2b7af0483f37
B096VXPTRK,https://www.amazon.in/dp/B096VXPTRK,https://www.flipkart.com/philips-bhd308-30-hair-dryer/p/itm35d62a2add4b3?pid=HDRG3D7MG6VHHZSZ&lid=LSTHDRG3D7MG6VHHZSZ8FGEHK&marketplace=FLIPKART&q=PHILIPS+Hair+Dryer+BHD308%2F30&store=zlw%2F79s%2Fmh8&srno=s_1_1&otracker=search&otracker1=search&fm=SEARCH&iid=e4316b47-b759-4e1e-adfd-ebd90492659d.HDRG3D7MG6VHHZSZ.SEARCH&ppt=sp&ppn=sp&ssid=1is3k34tbk0000001642675388802&qH=add644fb800cddb4
B086WLNW4N,https://www.amazon.in/dp/B086WLNW4N,https://www.flipkart.com/philips-bhc017-00-hair-dryer/p/itm3fff2e1210494?pid=HDRFSHH2PNCCYSYH&lid=LSTHDRFSHH2PNCCYSYHJL9WE6&marketplace=FLIPKART&q=Philips+Hair+Dryer+Bhc017%2F00&store=zlw%2F79s%2Fmh8&srno=s_1_1&otracker=search&otracker1=search&fm=SEARCH&iid=c086c312-d839-410e-a7b6-dba008ead7e9.HDRFSHH2PNCCYSYH.SEARCH&ppt=sp&ppn=sp&ssid=ju9nxf1gvk0000001642675480274&qH=a7ce3b0749fb8fbd
B01ER4TCYE,https://www.amazon.in/dp/B01ER4TCYE,https://www.flipkart.com/philips-hp8643-46-hair-straightener-dryer/p/itmemhnmp8wwwsup?pid=HDREMHNMMS6PBXKZ&lid=LSTHDREMHNMMS6PBXKZPZXEC1&marketplace=FLIPKART&q=PHILIPS+HP8643%2F46&store=zlw%2F79s%2Fmh8&srno=s_1_1&otracker=search&otracker1=search&fm=SEARCH&iid=fca5d3e5-1d7f-43e2-b4cd-364648f91206.HDREMHNMMS6PBXKZ.SEARCH&ppt=sp&ppn=sp&ssid=mmjwvpmm000000001642675656714&qH=e6cb7e5513df3c7c
B074KKM2MP,https://www.amazon.in/dp/B074KKM2MP,https://www.flipkart.com/philips-hp8100-60-hair-dryer/p/itmff6qnhzbshgwt?pid=HDRFF2VTK5ZWYV63&lid=LSTHDRFF2VTK5ZWYV63H3IGFT&marketplace=FLIPKART&q=Philips+HP8100%2F60&store=zlw%2F79s%2Fmh8&srno=s_1_1&otracker=search&otracker1=search&fm=SEARCH&iid=caa7b40f-57b6-4501-ad05-3ed3104d9869.HDRFF2VTK5ZWYV63.SEARCH&ppt=sp&ppn=sp&ssid=w58ctkyv740000001642675683671&qH=d73d68aa465fb3b1
B00KCD8NFY,https://www.amazon.in/dp/B00KCD8NFY,https://www.flipkart.com/philips-hp8100-46-hair-dryer/p/itmfhbrgkk38zkfz?pid=HDRDW3SEFGZ6BCTG&lid=LSTHDRDW3SEFGZ6BCTGRVLUMQ&marketplace=FLIPKART&q=Philips+HP8100%2F46+Hair+Dryer&store=zlw%2F79s%2Fmh8&spotlightTagId=BestsellerId_zlw%2F79s%2Fmh8&srno=s_1_1&otracker=search&otracker1=search&fm=SEARCH&iid=ee168abc-b395-46d6-b98b-72ddbd4c6da4.HDRDW3SEFGZ6BCTG.SEARCH&ppt=sp&ppn=sp&ssid=lhzmfy1u740000001642676099436&qH=c4704c220a8893a1
B096W99WQM,https://www.amazon.in/dp/B096W99WQM,https://www.flipkart.com/philips-bre285-00-corded-epilator/p/itm4852305e68f0e?pid=EPRG6H2WEWXQGTM5&lid=LSTEPRG6H2WEWXQGTM5CLKCVV&marketplace=FLIPKART&q=PHILIPS+BRE285%2F00+&store=search.flipkart.com&srno=s_1_1&otracker=search&otracker1=search&fm=SEARCH&iid=9e231671-15ad-431f-8cbb-34c2b15fe3da.EPRG6H2WEWXQGTM5.SEARCH&ppt=sp&ppn=sp&ssid=scj2amxy6o0000001642676130192&qH=519af9b82c442653
B08H16Z3YS,https://www.amazon.in/dp/B08H16Z3YS,https://www.flipkart.com/philips-bre710-00-cordless-epilator/p/itme12da7b1042c4?pid=EPRFVXJ6D5UWQS4M&lid=LSTEPRFVXJ6D5UWQS4MCDQRBU&marketplace=FLIPKART&q=Philips+Cordless+Epilator&store=zlw%2F79s%2Fk32&srno=s_1_1&otracker=search&otracker1=search&fm=SEARCH&iid=05b0b5c2-ec18-4242-8756-6c3138318ae7.EPRFVXJ6D5UWQS4M.SEARCH&ppt=sp&ppn=sp&ssid=2nbmegwwxc0000001642676202819&qH=ae3adb6e4b21bdb4
B07NGXH8B9,https://www.amazon.in/dp/B07NGXH8B9,https://www.flipkart.com/philips-bre235-00-corded-epilator/p/itmfdwhbmtafhrah?pid=EPRFDWHBPYRRRCJF&lid=LSTEPRFDWHBPYRRRCJFER4RAR&marketplace=FLIPKART&q=Philips+BRE235%2F00&store=zlw%2F79s%2Fk32&srno=s_1_1&otracker=search&otracker1=search&fm=SEARCH&iid=939f2b1f-5503-4ad2-aadd-a6ac76efcf00.EPRFDWHBPYRRRCJF.SEARCH&ppt=sp&ppn=sp&ssid=sfly8li71c0000001642676288859&qH=c57be22ff140478a
B096LRZCWY,https://www.amazon.in/dp/B096LRZCWY,
B07NGX85Y1,https://www.amazon.in/dp/B07NGX85Y1,https://www.flipkart.com/philips-bre245-00-corded-epilator/p/itmfdwhbxfkm5hab?pid=EPRFDWHBA5YD3MFZ&lid=LSTEPRFDWHBA5YD3MFZIALQLI&marketplace=FLIPKART&q=Philips+BRE245%2F00&store=zlw%2F79s%2Fk32&srno=s_1_1&otracker=search&otracker1=search&fm=SEARCH&iid=e8c83547-bf01-408e-b2d6-6994675bd1f5.EPRFDWHBA5YD3MFZ.SEARCH&ppt=sp&ppn=sp&ssid=6m2wxr0bb40000001642676383761&qH=43cca54a9bc02863
B07B2XDD9T,https://www.amazon.in/dp/B07B2XDD9T,
B07JZ8CDCC,https://www.amazon.in/dp/B07JZ8CDCC,https://www.flipkart.com/syska-ultratrim-ht700-runtime-45-min-trimmer-men/p/itmca8e4e82abb8a?pid=TMRFB6QCYFFPSWZG&lid=LSTTMRFB6QCYFFPSWZG1EZWGP&marketplace=FLIPKART&q=Syska+UltraTrim+HT700&store=zlw%2F79s%2Fby3&srno=s_1_1&otracker=search&otracker1=search&fm=SEARCH&iid=5f083879-b563-455d-9e88-277774f00a74.TMRFB6QCYFFPSWZG.SEARCH&ppt=sp&ppn=sp&ssid=fzsvyvfk000000001642676505755&qH=b16b1cd19f2263f8
B078HT8FMX,https://www.amazon.in/dp/B078HT8FMX,
B0759TRF4P,https://www.amazon.in/dp/B0759TRF4P,
B01N5Q9G76,https://www.amazon.in/dp/B01N5Q9G76,
B071XD3CD2,https://www.amazon.in/dp/B071XD3CD2,https://www.flipkart.com/syska-ht3052k-01-runtime-50-min-trimmer-men/p/itm6e07af296ccfc?pid=TMRF85NZUXSJPWHG&lid=LSTTMRF85NZUXSJPWHGWGWXOZ&marketplace=FLIPKART&q=Syska+HT3052K&store=zlw%2F79s%2Fby3&srno=s_1_2&otracker=search&otracker1=search&fm=SEARCH&iid=818096c7-ed54-41d0-8b25-0860ee680345.TMRF85NZUXSJPWHG.SEARCH&ppt=sp&ppn=sp&ssid=bedwqgdsnk0000001642676678467&qH=9749380a23674af0
B01N34TVYY,https://www.amazon.in/dp/B01N34TVYY,
B01N6RUG62,https://www.amazon.in/dp/B01N6RUG62,
B01N23W4VO,https://www.amazon.in/dp/B01N23W4VO,
B07BJT5NVQ,https://www.amazon.in/dp/B07BJT5NVQ,https://www.flipkart.com/syska-uniblade-ut1000-runtime-60-min-trimmer-men/p/itma12ee8b90651a?pid=TMRF85NZDE4BNZVE&lid=LSTTMRF85NZDE4BNZVEBW0DUU&marketplace=FLIPKART&q=Syska+UT1000+Cordless+Trimmer+for+Men+%28Black%2C+Blue%29&store=zlw%2F79s%2Fby3&srno=s_1_1&otracker=search&otracker1=search&fm=SEARCH&iid=1e1d4200-7a4f-41dd-af6f-182ffeed86cc.TMRF85NZDE4BNZVE.SEARCH&ppt=sp&ppn=sp&ssid=1brfptrkbk0000001642676887956&qH=0703bf28c4ecc282
B079967GN4,https://www.amazon.in/dp/B079967GN4,
B07QD2N3RJ,https://www.amazon.in/dp/B07QD2N3RJ,
B07MZWMVQW,https://www.amazon.in/dp/B07MZWMVQW,https://www.flipkart.com/syska-hc-700-electric-hair-curler/p/itm86ebdb7fb6eee?pid=EHRFJ5H2EMPHKTN6&lid=LSTEHRFJ5H2EMPHKTN6WVOMC2&marketplace=FLIPKART&q=SYSKA+HC700&store=zlw%2F79s&srno=s_1_1&otracker=search&otracker1=search&fm=SEARCH&iid=4f3321af-64be-40e5-b8b9-4478e78bb858.EHRFJ5H2EMPHKTN6.SEARCH&ppt=sp&ppn=sp&ssid=pq1fba5bhs0000001642677144125&qH=72208f64523bf6b1
B07PFYBJTL,https://www.amazon.in/dp/B07PFYBJTL,https://www.flipkart.com/syska-superglam-hs6810-hair-straightener/p/itm8b367718103e1?pid=HSTF6YQG7S3YHU8W&lid=LSTHSTF6YQG7S3YHU8WRWMHEN&marketplace=FLIPKART&q=Syska+SuperGlam+Hair+Straightener+Purple&store=zlw%2F79s%2Fdk5&srno=s_1_1&otracker=search&otracker1=search&fm=SEARCH&iid=1ae1d1b4-1027-4ebc-b539-69fdee7802f4.HSTF6YQG7S3YHU8W.SEARCH&ppt=sp&ppn=sp&ssid=ctnuygx26o0000001642677187552&qH=185e40ad7fdc873b
B077RY8CTX,https://www.amazon.in/dp/B077RY8CTX,https://www.flipkart.com/syska-hd1610-hair-dryer/p/itmf3thpyb4wrznr?pid=HDRF3T797YCHGPWG&lid=LSTHDRF3T797YCHGPWGMV75GI&marketplace=FLIPKART&q=SYSKA+1200+Watts+Hair+Dryer+HD1610&store=zlw%2F79s%2Fmh8&spotlightTagId=BestsellerId_zlw%2F79s%2Fmh8&srno=s_1_2&otracker=search&otracker1=search&fm=SEARCH&iid=6adc337c-ffcf-47da-be59-3b385467e6c2.HDRF3T797YCHGPWG.SEARCH&ppt=sp&ppn=sp&ssid=d7dttptmcw0000001642677230931&qH=69211eae1068433a
B077S4GDR1,https://www.amazon.in/dp/B077S4GDR1,https://www.flipkart.com/syska-super-glam-hs6810-hair-straightener/p/itm8b367718103e1?pid=HSTF2BREX9AQPQRA&lid=LSTHSTF2BREX9AQPQRA3Q6RYS&marketplace=FLIPKART&q=Syska+Super+Glam+HS6810+Hair+Straightener+%28Pink%29&store=zlw%2F79s%2Fdk5&spotlightTagId=BestsellerId_zlw%2F79s%2Fdk5&srno=s_1_1&otracker=search&otracker1=search&fm=SEARCH&iid=be52624b-dd4b-4b4f-b231-4c77a9476878.HSTF2BREX9AQPQRA.SEARCH&ppt=sp&ppn=sp&ssid=iy91lan8ow0000001642677318970&qH=7b66429a2a450166
B079J1BW26,https://www.amazon.in/dp/B079J1BW26,https://www.flipkart.com/syska-1600w-hd-1600-hair-dryer/p/itmfc0e7aece67f9?pid=HDRFNTB6YHFSZFHB&lid=LSTHDRFNTB6YHFSZFHBGSWUMA&marketplace=FLIPKART&q=Syska+HD1600&store=zlw%2F79s&srno=s_1_3&otracker=search&otracker1=search&fm=SEARCH&iid=7d4909d6-9159-4ae0-b6e4-3c9e6d6c0beb.HDRFNTB6YHFSZFHB.SEARCH&ppt=sp&ppn=sp&ssid=ljo9a1hykg0000001642677350488&qH=0c39834a0005a8b5
B07G4FY6L2,https://www.amazon.in/dp/B07G4FY6L2,https://www.flipkart.com/syska-ft006-runtime-400-min-trimmer-women/p/itm6bab6a2af0c5d?pid=TMRF7XYJKXPNH5YG&lid=LSTTMRF7XYJKXPNH5YGUXNQWG&marketplace=FLIPKART&q=Syska+FT006+Female+Hair+Trimmer&store=zlw%2F79s%2Fby3&srno=s_1_1&otracker=search&otracker1=search&fm=SEARCH&iid=9c7a7af9-45a6-4f5a-a497-a945b50de16a.TMRF7XYJKXPNH5YG.SEARCH&ppt=sp&ppn=sp&ssid=ocuj9fv34g0000001642677518163&qH=7591fb815b9843d5
B07BJT1716,https://www.amazon.in/dp/B07BJT1716,
B07JFBVMJR,https://www.amazon.in/dp/B07JFBVMJR,https://www.flipkart.com/syska-hd1600-hair-dryer/p/itmf2brk985kcdqx?pid=HDRF6KZJ7WXK66WU&lid=LSTHDRF6KZJ7WXK66WU3OMGZ8&marketplace=FLIPKART&q=Syska+HD1600&store=zlw%2F79s&srno=s_1_2&otracker=search&otracker1=search&fm=SEARCH&iid=d78eeb13-2ba1-48f8-b637-50bc9c53fa91.HDRF6KZJ7WXK66WU.SEARCH&ppt=sp&ppn=sp&ssid=79n8tdz7o00000001642677711231&qH=0c39834a0005a8b5
B093X95TLH,https://www.amazon.in/dp/B093X95TLH,https://www.flipkart.com/syska-keratin-plus-technology-instant-heating-temperature-control-360-degree-swivel-cord-hs6830-hair-straightener/p/itm2e06a2056be09?pid=HSTG2MDFWNBQXYNH&lid=LSTHSTG2MDFWNBQXYNHXOWBEH&marketplace=FLIPKART&q=SYSKA+HS6830&store=search.flipkart.com&srno=s_1_1&otracker=search&otracker1=search&fm=SEARCH&iid=3f8d6f30-50a3-49b6-a99b-5874f30b7a09.HSTG2MDFWNBQXYNH.SEARCH&ppt=sp&ppn=sp&ssid=o4wpqm7xio0000001642677838264&qH=62dbc052b1a85799
B07P7G8T2X,https://www.amazon.in/dp/B07P7G8T2X,https://www.flipkart.com/syska-hd1500-hair-dryer/p/itmf9x9k6scf4puz?pid=HDRF9X4CMNJYKAVC&lid=LSTHDRF9X4CMNJYKAVCBH263N&marketplace=FLIPKART&q=Syska+HD1500&store=search.flipkart.com&srno=s_1_1&otracker=search&otracker1=search&fm=SEARCH&iid=2507375b-7a53-4b78-af31-213d03524d7e.HDRF9X4CMNJYKAVC.SEARCH&ppt=sp&ppn=sp&ssid=968cnbx7vk0000001642677925349&qH=35f75925df739ec4
B07MYSQNFX,https://www.amazon.in/dp/B07MYSQNFX,https://www.flipkart.com/syska-hdp-1000-hair-dryer/p/itmfdyzjyzyr7day?pid=HDRFDY4WYGADQVFJ&lid=LSTHDRFDY4WYGADQVFJZVO1NV&marketplace=FLIPKART&q=SYSKA+HDP1000&store=search.flipkart.com&srno=s_1_1&otracker=search&otracker1=search&fm=SEARCH&iid=cc5bea52-abfc-435f-a15f-fd405b66a768.HDRFDY4WYGADQVFJ.SEARCH&ppt=sp&ppn=sp&ssid=e2n1s8dpnk0000001642677971162&qH=72c03690e7f60100
B01LHAZMLS,https://www.amazon.in/dp/B01LHAZMLS,
B0828WX669,https://www.amazon.in/dp/B0828WX669,https://www.flipkart.com/vega-vhdp-04-hair-dryer/p/itmf8fbbb265c983?pid=HDRFWHGK3GG2HHEF&lid=LSTHDRFWHGK3GG2HHEF0J087U&marketplace=FLIPKART&q=VHDP-04&store=zlw%2F79s%2Fmh8&srno=s_1_1&otracker=search&otracker1=search&fm=SEARCH&iid=c3dc4eeb-cdfd-4a50-b6bd-7cb92084b82a.HDRFWHGK3GG2HHEF.SEARCH&ppt=sp&ppn=sp&ssid=mozxdrraw00000001642678154951&qH=c16423109b5347f5
B07H5CWR2B,https://www.amazon.in/dp/B07H5CWR2B,https://www.flipkart.com/vega-x-look-paddle-straightening-brush-vhsb-02-hair-straightener/p/itmc3319f8ce0828?pid=HSTF8TYZZHUNPMVZ&lid=LSTHSTF8TYZZHUNPMVZZBMBYT&marketplace=FLIPKART&q=VHSB-02&store=search.flipkart.com&srno=s_1_1&otracker=search&otracker1=search&fm=SEARCH&iid=0e960b8c-0430-437a-b2a0-c684a3b993c3.HSTF8TYZZHUNPMVZ.SEARCH&ppt=sp&ppn=sp&ssid=xu64c0sh4w0000001642678278421&qH=5dd5be23dff365cf
B08P23YS34,https://www.amazon.in/dp/B08P23YS34,https://www.flipkart.com/vega-vhdh-23-hair-dryer/p/itma9809307825bb?pid=HDRFXRY5YWV56HDH&lid=LSTHDRFXRY5YWV56HDHZ235WK&marketplace=FLIPKART&q=VHDH-23&store=zlw%2F79s%2Fmh8&srno=s_1_1&otracker=search&otracker1=search&fm=SEARCH&iid=92db5f37-5d93-43cb-8152-628fe5198a03.HDRFXRY5YWV56HDH.SEARCH&ppt=sp&ppn=sp&ssid=8or96hhs8w0000001642678380246&qH=deb50407fbb461db
B07Y919DML,https://www.amazon.in/dp/B07Y919DML,https://www.flipkart.com/vega-vhdh-22-hair-dryer/p/itm9d59cbe330e8a?pid=HDRFHYZEWP4XMYGX&lid=LSTHDRFHYZEWP4XMYGXS7J0LO&marketplace=FLIPKART&q=VHDH-22&store=zlw%2F79s%2Fmh8&srno=s_1_1&otracker=search&otracker1=search&fm=SEARCH&iid=eaf7d614-f7f1-4c7e-abac-6e61b8c4a847.HDRFHYZEWP4XMYGX.SEARCH&ppt=sp&ppn=sp&ssid=aunev2yvb40000001642678424674&qH=9d78e05863d5c93f
B07YY6LH8C,https://www.amazon.in/dp/B07YY6LH8C,https://www.flipkart.com/vega-vhcs-01-electric-hair-curler/p/itm33661417c3cf9?pid=HCRFH3QXHEHCABDX&lid=LSTHCRFH3QXHEHCABDXQWUM7U&marketplace=FLIPKART&q=VEGA+VHCS-01&store=search.flipkart.com&srno=s_1_2&otracker=search&otracker1=search&fm=SEARCH&iid=c04c8819-c3a5-4ca9-8ad1-e8d02566207a.HCRFH3QXHEHCABDX.SEARCH&ppt=sp&ppn=sp&ssid=b5j3dzmk4w0000001642678551207&qH=13f132974f44474e
B0864DNLCP,https://www.amazon.in/dp/B0864DNLCP,https://www.flipkart.com/vega-ultra-shine-hair-straightener-vhsh-25/p/itm7b6aac71ca210?pid=HSTFG9AQ4T7XYRGW&lid=LSTHSTFG9AQ4T7XYRGWNNL3O2&marketplace=FLIPKART&q=VEGA+VHSH-25&store=zlw%2F79s%2Fdk5&srno=s_1_1&otracker=search&otracker1=search&fm=SEARCH&iid=781f141d-b8e6-4278-87a9-b667f55d4c41.HSTFG9AQ4T7XYRGW.SEARCH&ppt=sp&ppn=sp&ssid=6qazctz8kg0000001642678872263&qH=915a42c476785a92
B01J5JQ6F4,https://www.amazon.in/dp/B01J5JQ6F4,https://www.flipkart.com/vega-vhch-04-electric-hair-curler/p/itmemncrs76rzmzj?pid=HCREMNCRMFZBBGMS&lid=LSTHCREMNCRMFZBBGMSGOGLET&marketplace=FLIPKART&q=VHCH-04&store=zlw%2F79s%2F76i&srno=s_1_1&otracker=search&otracker1=search&fm=SEARCH&iid=1133c666-406f-419e-8945-ce0ec6bbf70a.HCREMNCRMFZBBGMS.SEARCH&ppt=sp&ppn=sp&ssid=hh0yk40l000000001642678923806&qH=da32d15aeb41db57
B01MY9XTEO,https://www.amazon.in/dp/B01MY9XTEO,https://www.flipkart.com/vega-keratin-glow-flat-vhsh-20-hair-straightener/p/itmca3b18907e076?pid=HSTERB7DKRWDGBAB&lid=LSTHSTERB7DKRWDGBABD3WNG5&marketplace=FLIPKART&q=VHSH-20&store=zlw%2F79s%2Fdk5&srno=s_1_1&otracker=search&otracker1=search&fm=SEARCH&iid=a1b55a8c-3c66-4f39-b60c-aeba61b5f8fa.HSTERB7DKRWDGBAB.SEARCH&ppt=sp&ppn=sp&ssid=byq35f5ctc0000001642678953620&qH=607244646c843605
B07HM33Y8S,https://www.amazon.in/dp/B07HM33Y8S,https://www.flipkart.com/vega-go-style-vhdh-18-hair-dryer/p/itmcfe023d40a85f?pid=HDRF892SRGTGUMPZ&lid=LSTHDRF892SRGTGUMPZKOGY9K&marketplace=FLIPKART&q=VHDH-18&store=zlw%2F79s%2Fmh8&srno=s_1_1&otracker=search&otracker1=search&fm=SEARCH&iid=5f37422e-a7bc-4c26-bb42-3dfe9bda2eb2.HDRF892SRGTGUMPZ.SEARCH&ppt=sp&ppn=sp&ssid=5qpc8j30v40000001642679016567&qH=a5a22dd9a3c47d18
B07YCYTNCB,https://www.amazon.in/dp/B07YCYTNCB,https://www.flipkart.com/vega-pro-ease-hair-straightener-vhsh-26/p/itm6dc9219df5446?pid=HSTFHFY9JKAWD8ZA&lid=LSTHSTFHFY9JKAWD8ZALFCPIH&marketplace=FLIPKART&q=VHSH-26&store=zlw%2F79s%2Fdk5&srno=s_1_1&otracker=search&otracker1=search&fm=SEARCH&iid=c8afe54f-a0e2-4b78-889b-120488a10de4.HSTFHFY9JKAWD8ZA.SEARCH&ppt=sp&ppn=sp&ssid=4wgc1cdn280000001642679056847&qH=f9477d4b95a9b36d
B07HMBDKCH,https://www.amazon.in/dp/B07HMBDKCH,https://www.flipkart.com/vega-vhdh-19-hair-dryer/p/itmf8tyrvffnnrhf?pid=HDRF8TYRDXNUYYAS&lid=LSTHDRF8TYRDXNUYYASWPO1TA&marketplace=FLIPKART&q=VEGA+VHDH-19&store=zlw%2F79s%2Fmh8&srno=s_1_1&otracker=search&otracker1=search&fm=SEARCH&iid=e2f9fcbb-cae9-464a-a8df-98c030777f3a.HDRF8TYRDXNUYYAS.SEARCH&ppt=sp&ppn=sp&ssid=h94vvvlr4g0000001642679140231&qH=4123408cfb0b282f
B00TTULINA,https://www.amazon.in/dp/B00TTULINA,https://www.flipkart.com/vega-vhch-03-electric-hair-curler/p/itme53c3ygjcthve?pid=HCRE53C3RUNZD4KK&lid=LSTHCRE53C3RUNZD4KKR5NXLM&marketplace=FLIPKART&q=VHCH-03&store=zlw%2F79s%2F76i&srno=s_1_1&otracker=search&otracker1=search&fm=SEARCH&iid=4429f113-b39e-499a-a933-7fd9a3f98227.HCRE53C3RUNZD4KK.SEARCH&ppt=sp&ppn=sp&ssid=vamcodxb1c0000001642679168649&qH=a0e9bc0e55932298
B00TTUAQDS,https://www.amazon.in/dp/B00TTUAQDS,https://www.flipkart.com/vega-vhss-01-personal-care-appliance-combo/p/itm8448dd45b2273?pid=HDRE4MNHYPUYVRMF&lid=LSTHDRE4MNHYPUYVRMFSFMKXE&marketplace=FLIPKART&q=VHSS-01&store=search.flipkart.com&srno=s_1_1&otracker=search&otracker1=search&fm=SEARCH&iid=a05df1d1-ba26-4744-9d29-3d81122e19ba.HDRE4MNHYPUYVRMF.SEARCH&ppt=sp&ppn=sp&ssid=93im81plj40000001642679194148&qH=57fdb4bd91d7f0af
B07Y91TPGK,https://www.amazon.in/dp/B07Y91TPGK,https://www.flipkart.com/vega-glam-shine-hair-straightener-vhsh-24/p/itm54bb8b71ef67a?pid=HSTFKH66GBF8AYGM&lid=LSTHSTFKH66GBF8AYGMSIUH3C&marketplace=FLIPKART&q=VHSH-24&store=zlw%2F79s%2Fdk5&srno=s_1_1&otracker=search&otracker1=search&fm=SEARCH&iid=dd29791c-8e9c-493a-bb2d-96303bee478a.HSTFKH66GBF8AYGM.SEARCH&ppt=sp&ppn=sp&ssid=8u1ynmt5740000001642679235159&qH=634d6bd671a3aa5c
B0986W69TG,https://www.amazon.in/dp/B0986W69TG,https://www.flipkart.com/nova-nht-1099-runtime-90-min-trimmer-men/p/itm15cfb8daf3232?pid=TMRG2NVRZMZYJFCD&lid=LSTTMRG2NVRZMZYJFCDNC7SW3&marketplace=FLIPKART&q=Nova+NHT+1099+Runtime&store=zlw%2F79s%2Fby3&srno=s_1_1&otracker=search&otracker1=search&fm=SEARCH&iid=e356bc6a-2f0a-4228-b8e5-3d03cfa436b6.TMRG2NVRZMZYJFCD.SEARCH&ppt=sp&ppn=sp&ssid=9d4ozfg8hs0000001642679275040&qH=eb5b26ea98a0a5b1
B07TXTCFB5,https://www.amazon.in/dp/B07TXTCFB5,https://www.flipkart.com/nova-ng-1153-digital-usb-runtime-160-mins-trimmer-men/p/itmf3cadf508407c?pid=TMRFGDD3G2C7JPG3&lid=LSTTMRFGDD3G2C7JPG3UXDUUR&marketplace=FLIPKART&q=Nova+NG+1153&store=zlw%2F79s%2Fby3&spotlightTagId=BestsellerId_zlw%2F79s%2Fby3&srno=s_1_1&otracker=search&otracker1=search&fm=SEARCH&iid=e5538e29-80dd-4e1d-b8d2-20e25c68e9af.TMRFGDD3G2C7JPG3.SEARCH&ppt=sp&ppn=sp&ssid=ep3ztompow0000001642679311059&qH=b014bc2e1903f9c3
B099FB78WM,https://www.amazon.in/dp/B099FB78WM,
B08RBN7CYS,https://www.amazon.in/dp/B08RBN7CYS,https://www.flipkart.com/nova-professional-cordless-nht-1068-hair-clipper-runtime-240-min-trimmer-men/p/itm4c315e3ecad8c?pid=TMRFZQXBZGE2MRFW&lid=LSTTMRFZQXBZGE2MRFWXPCCN1&marketplace=FLIPKART&q=Nova+NHT+1068&store=zlw%2F79s%2Fby3&srno=s_1_1&otracker=search&otracker1=search&fm=SEARCH&iid=af772eab-0e06-45f6-900e-c8cee5c82049.TMRFZQXBZGE2MRFW.SEARCH&ppt=sp&ppn=sp&ssid=6gplk869ww0000001642679412608&qH=adff399acd95f95c
B08BXG8RZJ,https://www.amazon.in/dp/B08BXG8RZJ,
B08RBPW7CX,https://www.amazon.in/dp/B08RBPW7CX,
B084XK36CJ,https://www.amazon.in/dp/B084XK36CJ,
B084XJTRVG,https://www.amazon.in/dp/B084XJTRVG,
B084XJX1RY,https://www.amazon.in/dp/B084XJX1RY,
B084XJX1QW,https://www.amazon.in/dp/B084XJX1QW,
B078K5CBX7,https://www.amazon.in/dp/B078K5CBX7,https://www.flipkart.com/nova-ng-1151-100-waterproof-runtime-60-mins-trimmer-men/p/itm9452eb74418ed?pid=SHVEYBDGJV7RAXZQ&lid=LSTSHVEYBDGJV7RAXZQIZNRPU&marketplace=FLIPKART&q=Nova+NG+1151&store=zlw%2F79s%2Fby3&srno=s_1_1&otracker=search&otracker1=search&fm=SEARCH&iid=9333d3ef-c77b-4736-a60c-739d7cbf439e.SHVEYBDGJV7RAXZQ.SEARCH&ppt=sp&ppn=sp&ssid=1ypghnkw680000001642679682409&qH=b93cceb160d5010a
B07VJGTGL7,https://www.amazon.in/dp/B07VJGTGL7,https://www.flipkart.com/nova-supergroom-ng-1149-usb-runtime-45-min-trimmer-men/p/itme50d09f60a355?pid=TMRFJ4A5VG72SJFN&lid=LSTTMRFJ4A5VG72SJFNHWW6CH&marketplace=FLIPKART&q=NOVA+NG+1149&store=zlw%2F79s%2Fby3&srno=s_1_1&otracker=search&otracker1=search&fm=SEARCH&iid=1eba3c06-e085-4c2b-99d9-e134a7709917.TMRFJ4A5VG72SJFN.SEARCH&ppt=sp&ppn=sp&ssid=8sx42my7o00000001642679711498&qH=7b40c5f3608e41a0
B09375WW7R,https://www.amazon.in/dp/B09375WW7R,https://www.flipkart.com/nova-professional-rechargeable-cordless-nht-1083-hair-clipper-runtime-120-min-trimmer-men/p/itm78b95c7d5e81a?pid=TMRFUFYFE7TZRGTU&lid=LSTTMRFUFYFE7TZRGTURHLEB0&marketplace=FLIPKART&q=NOVA+NHT+1083&store=zlw%2F79s%2Fby3&srno=s_1_1&otracker=search&otracker1=search&fm=SEARCH&iid=982686e1-8463-47e0-8e59-319e5255d9b9.TMRFUFYFE7TZRGTU.SEARCH&ppt=sp&ppn=sp&ssid=fx077y8pc00000001642679741909&qH=e34aaebfa96bc05d
B084XK2NHG,https://www.amazon.in/dp/B084XK2NHG,
B084XJTKQD,https://www.amazon.in/dp/B084XJTKQD,
B08SX6H41Z,https://www.amazon.in/dp/B08SX6H41Z,https://www.flipkart.com/nova-supergroom-ng-1148-usb-runtime-45-min-trimmer-men/p/itmcb7a1b8013793?pid=TMRFS7VPKGTYYCXC&lid=LSTTMRFS7VPKGTYYCXC4TNYGQ&marketplace=FLIPKART&q=Nova+NG+1148+SuperGroom+Multikit%3A&store=zlw%2F79s%2Fby3&srno=s_1_1&otracker=search&otracker1=search&fm=SEARCH&iid=d7402df2-72ae-46a9-9941-87c66151eee4.TMRFS7VPKGTYYCXC.SEARCH&ppt=sp&ppn=sp&ssid=76laeo6r3k0000001642679815139&qH=405d9bd85260e9c0
B08BXFZ4M7,https://www.amazon.in/dp/B08BXFZ4M7,https://www.flipkart.com/nova-professional-rechargeable-cordless-nht-1083-hair-clipper-runtime-120-min-trimmer-men/p/itm9e9d13e02b137?pid=TMRFNHCHCXARGRZK&lid=LSTTMRFNHCHCXARGRZKW9CZBZ&marketplace=FLIPKART&q=Nova+NHT+1083+Professional+Rechargeable+%26+Cordless%3A&store=zlw%2F79s%2Fby3&srno=s_1_2&otracker=search&otracker1=search&fm=SEARCH&iid=34c00bf2-67be-4918-91b3-f512e26bed92.TMRFNHCHCXARGRZK.SEARCH&ppt=sp&ppn=sp&ssid=c7vlsbsqj40000001642679849038&qH=81dcf357f6b29dae
B01NBDSYIX,https://www.amazon.in/dp/B01NBDSYIX,https://www.flipkart.com/nova-ng-1150-runtime-60-mins-trimmer-men/p/itmaf49559a3c1e4?pid=SHVENANPZCMNBN2A&lid=LSTSHVENANPZCMNBN2AQLKSFX&marketplace=FLIPKART&q=Nova+NG+1150+&store=zlw%2F79s%2Fby3&srno=s_1_1&otracker=search&otracker1=search&fm=SEARCH&iid=3b566342-4552-44c9-bf90-2fdf20fba024.SHVENANPZCMNBN2A.SEARCH&ppt=sp&ppn=sp&ssid=u6lsvv1ecg0000001642679886727&qH=8ad83e6ae8b7a5a0
B097RRMTKS,https://www.amazon.in/dp/B097RRMTKS,
B084XK2994,https://www.amazon.in/dp/B084XK2994,
B085MN1V6P,https://www.amazon.in/dp/B085MN1V6P,
B098L5F4LV,https://www.amazon.in/dp/B098L5F4LV,https://www.flipkart.com/vega-go-pro-2100-hair-dryer/p/itmbd989d28365b4?pid=HDRG5Y4EJPYURKHA&lid=LSTHDRG5Y4EJPYURKHAT98SNL&marketplace=FLIPKART&q=VEGA+Go-Pro+2100&store=search.flipkart.com&srno=s_1_1&otracker=search&otracker1=search&fm=SEARCH&iid=c0b0b33b-28b4-4967-9e92-3303620a98dc.HDRG5Y4EJPYURKHA.SEARCH&ppt=sp&ppn=sp&ssid=3a1dopx60w0000001642680016189&qH=f094adc0e3b3d017
