ASIN,Name
B09HV1J6ZB,Livpure Plastic Super Sediment Removes Chlorine Fluoride Heavy Metals Hard Water Softener Water || 1 Pc
B09NYB55XJ,Livpure Diveter Value 1/4 Removes Chlorine Fluoride Heavy Metals Hard Water Softener Water || White || 1 Pc
B08C3LT4GV,KENT Elite Plus 11078
B09NYD76ZK,Livpure Plastic FRT 550 1 Piece Set Removes Chlorine Fluoride Heavy Metals Hard Water Softener Water || White || 1 Pc
B07FSJX2FH,Kent Electric Float Valve G
B074KFPDB1,EUREKA FORBES Magna HD RO + UV Aquaguard with Pre Sediment Filter
B08PBPVJY8,"Eureka Forbes Aquaguard Marvel 8L RO+UV e-boiling+MTDS with Active Copper & Eureka Forbes Aeroguard AP 700 Air Purifier with H1N1 filter removes 99.99% airborne viruses,6 stages of filtration"
B01CR0MU1W,Blue Star Premium Normal Standing Water Dispenser
B07FLP4YF4,KENT UV Assembly 11 W Long - 1 Pcs
B08PBV679S,"Eureka Forbes Aeroguard AP 700EX Air Purifier with HEPA Filter,6 Stages of Filtration,HINI Filter,(White) & Eureka Forbes Aquasure from Aquaguard Aquaflo DX Wall Mountable UV White 120 L/h"
B08PBS5PMF,Eureka Forbes Aeroguard AP 700 Air Purifier with H1N1 filter removes 99.99% 5 Years Warranty on Motor (Cool Grey) & Eureka Forbes Aquasure from Aquaguard Aquaflo DX Wall Mountable UV White 120 L/h
B09MZFXM3J,Linea-Cu-DX
B08QWWF7D8,"KENT Supreme Plus 2020 (11112), Zero Water Wastage, Wall Mountable, RO + UV + UF + TDS Control + UV in Tank, 8 L Tank, White, 20 LPH Water Purifier & KENT - 16010 Atta and Bread Maker 550-W"
B08PBR3VG4,"Eureka Forbes Aquaguard Marvel Ultraviolet, Reverse Osmosis Water Purifier"
B08QWZ7CF4,"KENT Supreme Plus 2020-11112, Zero Water Wastage, Wall Mountable +UV in Tank, 8 L Tank, White, 20 LPH Water Purifier & KENT Maxx 7-Litres Wall Mountable/Table Top UV + UF (White and Blue) 60-Ltr/hr"
B07C2Y8NFF,Eureka Forbes Aquaguard Geneus DX RO+UV+UF+TG Water Purifier (BIOTRON Technology)
B08QWY7YDF,"KENT Supreme Lite 2020 (11110), Wall Mountable, RO + UF + TDS Control, 8 L Tank, White, 20 LPH Water Purifier & KENT - 16010 Atta and Bread Maker 550-Watt (Steel Grey)"
B00JVK7YBI,Livpure Plastic Touch Plus Water Purifier (7.5L)
B084GLB76R,BLUE STAR Imperia RO Water Purifier 9.2Ltr
B07GY1BXCM,"Eureka Forbes Dr. Aquaguard Magna HD RO Water Purifier, Black & White"
B08PBRZS1M,Eureka Forbes Aeroguard AP 700 Air Purifier with H1N1 filter & Aquaguard Aura 7L RO+UV e-boiling + MTDS water purifier with Active Copper & Mineral Guard
B08PBRZZWW,"Eureka Forbes Trendy Zip 1000-Watt Vacuum Cleaner (Black/Red) & Eureka Forbes AquaSure from Aquaguard Delight (RO+UV+UF+MTDS) 7L Water Purifier,7 Stages of Purification with Ultra Filtration (White)"
B08QWYJN7Y,"KENT Supreme Extra 2020-11113, Zero Water Wastage+ Alkaline 8 L Tank, White, 20 LPH Water Purifier & KENT Maxx 7-Litres Wall Mountable/Table Top UV + UF (White and Blue) 60-Ltr/hr"
B07HJ88GDG,KENT ORIGINAL TAP OF RO - 1 Pcs
B08PBS6RWJ,Eureka Forbes AquaSure from Aquaguard Delight (RO+UV+MTDS) 6 Stages of Purification 7L Water Purifier (White) & Eureka Forbes Aquasure from Aquaguard Aquaflo DX Wall Mountable UV White 120 L/h
B07F65HHL9,"Eureka Forbes Dr. Aquaguard Compact Water Purifier, White"
B08PBR4XP3,HUL Pureit Advanced Pro Mineral RO+UV 6 Stage Wall Mounted Counter top Black 7L Water Purifier & HUL Pureit Eco Water Saver Mineral RO+UV+MF wall mounted/Counter top Black 10L Water Purifier
B096XHHTVC,HUL Pureit Copper UV Countertop/Wall-mount Water Purifier (White) with Copper enrich technology
B08PBTZV35,"HUL Pureit Copper+ Mineral RO + UV + MF 7 Stage, 8 L Water Purifier & HUL Pureit Ultima Mineral RO + UV + MF 7 Stage Table top/Wall Mountable 10 L Water Purifier (Black& Copper)"
B0785FD8LP,HUL Pureit Marvella RO+MF Water Purifier + Vegetable Cleaner 7 Stage Wall Mounted/Table top White 8 litres
B08PBPVJZP,HUL Pureit Eco Water Saver Mineral RO+UV+MF wall mounted/Counter top Black 10L Water Purifier & HUL Pureit Ultima Mineral RO + UV + MF 7 Stage Table top/Wall mountable Black 10 litres Water Purifier
