Product,ASIN,PID
Pureit Copper+ Mineral RO+UV+MF Water Purifier,B07MWBVTLP,WAPFE2AZAG8YTSPM
Pureit Copper+ ECO Mineral RO+UV+MF Water Purifier,B08MFP6FJC,WAPFXC9JWB9RR7DF
Pureit Ultima Mineral RO+UV+MF Water Purifier,B00I8QV2VY,WAPEH28JNZWQHCZZ
Pureit Ultima Eco Mineral RO+UV+MF Water Purifier,B096M37Z1T,WAPG9WHR6GGZMT62
Pureit Eco Water Saver Mineral RO+UV+MF Water Purifier,B08BJN4MP3,
Pureit Max Water Saver Mineral RO+UV+MF Water Purifier,,WAPFSKAFTNGVZA6F
Pureit Marvella Eco Mineral RO+UV+MF Water Purifier,,
Pureit Advanced Max Mineral RO+UV+MF+MP Water Purifier,,WAPFGX5W377DM6TE
Pureit Advanced Pro Mineral RO+UV Water Purifier,B08B27R8MP,
Pureit Classic G2 Mineral RO + UV Water Purifier,B07GDQWSZ9,WAPF6YFMDYMZAU9W
Pureit Classic Nxt RO+UV Water Purifier,,WAPFKPX7HFFUG8M8
Pureit Classic G2 Mineral RO + MF Water Purifier,B07FDZ9KL7,WAPF6YFMFTYHVM7G
Pureit Advanced Plus RO+MF+MP Water Purifier,B09M45XKKF,WAPFGX5WR5HUMAAN
Pureit Classic Nxt RO+MF Water Purifier,,WAPFCFAC4BJHUG3J
Pureit Advanced RO+MF+MP Water Purifier,B094YD54TC,
Pureit Marvella UV G2 Water Purifier,B009PJ8Y3W,
Pureit Classic UV+ G2 Water Purifier,B01N6CA6H6,WAPFH73P7RZYDSK5
