Amazon_URL,ASIN,Flipkart_URL,PID,LID,Marketplace,static
www.amazon.in/dp/B01N0WEEYP,B01N0WEEYP,,,,,
www.amazon.in/dp/B014SZORQA,B014SZORQA,https://www.flipkart.com/duracell-ultra-alkaline-aaa-4-pcs-battery/p/itm09fb3ea7a87b8?pid=ACCFDGYT5EBKJH9J&lid=LSTACCFDGYT5EBKJH9JH57PJ6&marketplace=GROCERY&q=Duracell+Ultra+Alkaline+AAA+Battery%2C+4+Pcs&store=tyy%2F4mr%2Fw65&srno=s_1_1&otracker=search&otracker1=search&fm=Search&iid=57c72e49-d56f-4b6d-ab15-607a5123f956.ACCFDGYT5EBKJH9J.SEARCH&ppt=sp&ppn=sp&ssid=au0pmlpzxc0000001644900157286&qH=ec3fc39090e18dd3,ACCFDGYT5EBKJH9J,LSTACCFDGYT5EBKJH9JH57PJ6,GROCERY,https://www.flipkart.com/duracell-ultra-alkaline-aaa-4-pcs-battery/p/itm09fb3ea7a87b8
www.amazon.in/dp/B094MVCG8R,B094MVCG8R,https://www.flipkart.com/duracell-ultra-alkaline-aa-battery/p/itm64993cb617d8f?pid=ACCG466UT5NDNWU8&lid=LSTACCG466UT5NDNWU87AGEWU&marketplace=FLIPKART&q=Duracell+Ultra+Alkaline+AA+Battery%2C+20+Pcs&store=tyy%2F4mr%2Fw65&srno=s_1_6&otracker=search&otracker1=search&fm=Search&iid=8d713fc5-e340-4b68-a73d-e4eefb0e96c1.ACCG466UT5NDNWU8.SEARCH&ppt=sp&ppn=sp&ssid=ntt68z7jgg0000001644900204671&qH=9b182b897cddca42,ACCG466UT5NDNWU8,LSTACCG466UT5NDNWU87AGEWU,FLIPKART,https://www.flipkart.com/duracell-ultra-alkaline-aa-battery/p/itm64993cb617d8f
www.amazon.in/dp/B07Y24GN3H,B07Y24GN3H,https://www.flipkart.com/energizer-primary-alkaline-batteries-max-3a-battery/p/itm080385affbbe2?pid=ACCG2EZ2NG3FFZAX&lid=LSTACCG2EZ2NG3FFZAXJQFEEX&marketplace=GROCERY&q=Energizer+Max+Alkaline+AAA+Batteries+-+Pack+of+6&store=tyy%2F4mr%2Fw65&spotlightTagId=BestsellerId_tyy%2F4mr%2Fw65&srno=s_1_34&otracker=search&otracker1=search&fm=Search&iid=dd01af43-4e52-4bd2-beed-fd9b2bc7796a.ACCG2EZ2NG3FFZAX.SEARCH&ppt=sp&ppn=sp&ssid=9v2o5zlv0g0000001644900255222&qH=4e45a673220a59ed,ACCG2EZ2NG3FFZAX,LSTACCG2EZ2NG3FFZAXJQFEEX,GROCERY,https://www.flipkart.com/energizer-primary-alkaline-batteries-max-3a-battery/p/itm080385affbbe2
www.amazon.in/dp/B07GN8ZYZR,B07GN8ZYZR,https://www.flipkart.com/duracell-cr2032-coin-cell-1-battery/p/itm5fd50723e3f13?pid=ACCFZY8YCNY4UT8V&lid=LSTACCFZY8YCNY4UT8VYV7UQL&marketplace=FLIPKART&q=Duracell+-+2032+3V+Lithium+Coin+Battery+-+Long+Lasting+Battery+-+1+Count&store=tyy%2F4mr%2Fw65&srno=s_1_1&otracker=search&otracker1=search&fm=Search&iid=42b676cf-b12e-466e-8849-f70ef410e9db.ACCFZY8YCNY4UT8V.SEARCH&ppt=sp&ppn=sp&ssid=be8gr4ougw0000001644900429452&qH=fe3f357309d83371,ACCFZY8YCNY4UT8V,LSTACCFZY8YCNY4UT8VYV7UQL,FLIPKART,https://www.flipkart.com/duracell-cr2032-coin-cell-1-battery/p/itm5fd50723e3f13
www.amazon.in/dp/B00KE5NTLS,B00KE5NTLS,,,,,
www.amazon.in/dp/B014SZO90Y,B014SZO90Y,https://www.flipkart.com/duracell-ultra-alkaline-aa-battery/p/itm49c5f62299aaa?pid=ACCFDGYTQXJGGKNU&lid=LSTACCFDGYTQXJGGKNUU84XR3&marketplace=FLIPKART&q=Duracell+Ultra+Alkaline+AA+Battery%2C+8+Pcs&store=tyy%2F4mr%2Fw65&srno=s_1_2&otracker=search&otracker1=search&fm=Search&iid=adb26016-5c18-4661-a020-d8f69cad53c6.ACCFDGYTQXJGGKNU.SEARCH&ppt=sp&ppn=sp&ssid=lzhesdzly80000001644900558917&qH=1c2d272348144b81,ACCFDGYTQXJGGKNU,LSTACCFDGYTQXJGGKNUU84XR3,FLIPKART,https://www.flipkart.com/duracell-ultra-alkaline-aa-battery/p/itm49c5f62299aaa
www.amazon.in/dp/B078PPCFC2,B078PPCFC2,,,,,
www.amazon.in/dp/B012AU6PWY,B012AU6PWY,https://www.flipkart.com/duracell-ultra-alkaline-aa-6-pcs-battery/p/itmb57848284df53?pid=ACCFDGYTTFWTYYJP&lid=LSTACCFDGYTTFWTYYJPAAMUZA&marketplace=GROCERY&q=Duracell+Ultra+Alkaline+AA+Battery%2C+6+Pieces&store=tyy%2F4mr%2Fw65&spotlightTagId=BestvalueId_tyy%2F4mr%2Fw65&srno=s_1_6&otracker=search&otracker1=search&fm=Search&iid=e81c1326-b18b-4fcd-9325-8de777260f70.ACCFDGYTTFWTYYJP.SEARCH&ppt=sp&ppn=sp&ssid=djj4u6dnsg0000001644900655320&qH=b90896f7080eedcc,ACCFDGYTTFWTYYJP,LSTACCFDGYTTFWTYYJPAAMUZA,GROCERY,https://www.flipkart.com/duracell-ultra-alkaline-aa-6-pcs-battery/p/itmb57848284df53
www.amazon.in/dp/B0774P9G4W,B0774P9G4W,,,,,
www.amazon.in/dp/B00005T3DV,B00005T3DV,,,,,
www.amazon.in/dp/B09689JGC4,B09689JGC4,https://www.flipkart.com/duracell-alkaline-aa-chhota-power-battery/p/itmb0b28e2792c4a?pid=ACCG467H6HDAH2F7&lid=LSTACCG467H6HDAH2F7TJHS1I&marketplace=FLIPKART&q=Duracell+Alkaline+AA+Battery+Chhota+Power%2C+8+Pcs&store=tyy%2F4mr%2Fw65&srno=s_1_4&otracker=search&otracker1=search&fm=Search&iid=48f95f15-5743-47e2-83a3-c56ad725cd68.ACCG467H6HDAH2F7.SEARCH&ppt=sp&ppn=sp&ssid=y2dio3n2j40000001644900921217&qH=4acb98913b069ea8,ACCG467H6HDAH2F7,LSTACCG467H6HDAH2F7TJHS1I,FLIPKART,https://www.flipkart.com/duracell-alkaline-aa-chhota-power-battery/p/itmb0b28e2792c4a
www.amazon.in/dp/B08W9ZYYHS,B08W9ZYYHS,https://www.flipkart.com/panasonic-lr6egdg-1b6-battery/p/itm1cf7117753892?pid=ACCGYZBUP7HQZ2CY&lid=LSTACCGYZBUP7HQZ2CYYOVTC9&marketplace=GROCERY&q=Panasonic+EVOLTA+Alkaline+AA+Battery%2C+Pack+of+6&store=tyy%2F4mr%2Fw65&srno=s_1_14&otracker=search&otracker1=search&fm=Search&iid=41001d53-fc0a-4e25-98ee-48fcbb70eb37.ACCGYZBUP7HQZ2CY.SEARCH&ppt=sp&ppn=sp&ssid=cnzwdjp43k0000001644901046862&qH=417f69060a0ea452,ACCGYZBUP7HQZ2CY,LSTACCGYZBUP7HQZ2CYYOVTC9,GROCERY,https://www.flipkart.com/panasonic-lr6egdg-1b6-battery/p/itm1cf7117753892
www.amazon.in/dp/B00003IEMD,B00003IEMD,https://www.flipkart.com/energizer-aa-lithium121-battery/p/itmbf1ff1f0a49ea?pid=ACCFTGC5QHKQBG3C&lid=LSTACCFTGC5QHKQBG3CYFZY0X&marketplace=FLIPKART&q=Energizer+AA+Lithium+Batteries+2+Pack&store=tyy%2F4mr%2Fw65&srno=s_1_1&otracker=search&otracker1=search&fm=Search&iid=4d69afe0-47f1-4069-a900-2523b6f7dc20.ACCFTGC5QHKQBG3C.SEARCH&ppt=sp&ppn=sp&ssid=f79rdjyjfk0000001644901147284&qH=af529e612798d244,ACCFTGC5QHKQBG3C,LSTACCFTGC5QHKQBG3CYFZY0X,FLIPKART,https://www.flipkart.com/energizer-aa-lithium121-battery/p/itmbf1ff1f0a49ea
www.amazon.in/dp/B00JHKSL28,B00JHKSL28,https://www.flipkart.com/panasonic-eneloop-pro-battery/p/itmestsz4w43bhfg?pid=ACCESTSZFSSCT7GQ&lid=LSTACCESTSZFSSCT7GQNXMTCY&marketplace=GROCERY&q=Panasonic+eneloop+pro+AA+Rechargeable+Battery%2C+Pack+of+4&store=tyy%2F4mr%2Fw65&srno=s_1_1&otracker=search&otracker1=search&fm=Search&iid=11ac3214-e431-45c6-970e-75b656705c7b.ACCESTSZFSSCT7GQ.SEARCH&ppt=sp&ppn=sp&ssid=ed4u5jef340000001644901253571&qH=7756889495d7363c,ACCESTSZFSSCT7GQ,LSTACCESTSZFSSCT7GQNXMTCY,GROCERY,https://www.flipkart.com/panasonic-eneloop-pro-battery/p/itmestsz4w43bhfg
www.amazon.in/dp/B00M1G1I5W,B00M1G1I5W,https://www.flipkart.com/panasonic-cr-1616-battery/p/itm238f8b8ca9e58?pid=ACCG4AGT2WVZSN2V&lid=LSTACCG4AGT2WVZSN2VUCUUQX&marketplace=FLIPKART&q=Panasonic+Lithium+Coin+Battery+CR1616%2C+Pack+of+5&store=tyy%2F4mr%2Fw65&srno=s_1_22&otracker=search&otracker1=search&fm=Search&iid=2f294354-c145-4029-b871-9f00183b71a1.ACCG4AGT2WVZSN2V.SEARCH&ppt=sp&ppn=sp&ssid=r0pae11bao0000001644901295992&qH=ddaf24cd3ec4e898,ACCG4AGT2WVZSN2V,LSTACCG4AGT2WVZSN2VUCUUQX,FLIPKART,https://www.flipkart.com/panasonic-cr-1616-battery/p/itm238f8b8ca9e58
www.amazon.in/dp/B00MH4QM1S,B00MH4QM1S,,,,,
www.amazon.in/dp/B07PX9ZD2P,B07PX9ZD2P,https://www.flipkart.com/energizer-alkaline-batteries-size-aaaa-1-5-v-blister-pack-2-battery/p/itm0d2cbb18198ff?pid=ACCFP9HRZ9HXSFUD&lid=LSTACCFP9HRZ9HXSFUDXAOJJ9&marketplace=FLIPKART&q=Energizer+E96BP+AAAA+Alkaline+Battery+%28Pack+of+2%29&store=tyy%2F4mr%2Fw65&srno=s_1_2&otracker=search&otracker1=search&fm=Search&iid=605763b1-113e-4291-8e2a-8c427e37d611.ACCFP9HRZ9HXSFUD.SEARCH&ppt=sp&ppn=sp&ssid=7ljtb6k2tc0000001644901449517&qH=63c4392de500cc41,ACCFP9HRZ9HXSFUD,LSTACCFP9HRZ9HXSFUDXAOJJ9,FLIPKART,https://www.flipkart.com/energizer-alkaline-batteries-size-aaaa-1-5-v-blister-pack-2-battery/p/itm0d2cbb18198ff
www.amazon.in/dp/B07ZMYR6BD,B07ZMYR6BD,https://www.flipkart.com/nippo-20-aaa-battery/p/itmdec8821169dde?pid=ACCG3D3HYZZJDZP7&lid=LSTACCG3D3HYZZJDZP72GAMQ6&marketplace=FLIPKART&q=NIPPO+Battery&store=tyy%2F4mr%2Fw65&srno=s_1_7&otracker=search&otracker1=search&fm=Search&iid=74ce24c9-d097-4cac-8808-b8ae3042e3b2.ACCG3D3HYZZJDZP7.SEARCH&ppt=sp&ppn=sp&ssid=dn5onqzuio0000001644901683346&qH=218a6752159a6f52,ACCG3D3HYZZJDZP7,LSTACCG3D3HYZZJDZP72GAMQ6,FLIPKART,https://www.flipkart.com/nippo-20-aaa-battery/p/itmdec8821169dde
www.amazon.in/dp/B017J8EWH2,B017J8EWH2,https://www.flipkart.com/panasonic-eneloop-aaa800-mah-battery/p/itmestyx5ypjzb4t?pid=ACCESTYXFZVQUMWG&lid=LSTACCESTYXFZVQUMWGLO9XY1&marketplace=FLIPKART&q=Panasonic+eneloop+AAA+Rechargeable+Battery%2C+Pack+of+4&store=tyy%2F4mr%2Fw65&srno=s_1_1&otracker=search&otracker1=search&fm=Search&iid=04a8ce86-fa34-41e7-a383-a178b38867a8.ACCESTYXFZVQUMWG.SEARCH&ppt=sp&ppn=sp&ssid=qkztj2zfkg0000001644902115217&qH=3caaf25113a19886,ACCESTYXFZVQUMWG,LSTACCESTYXFZVQUMWGLO9XY1,FLIPKART,https://www.flipkart.com/panasonic-eneloop-aaa800-mah-battery/p/itmestyx5ypjzb4t
www.amazon.in/dp/B00E3DVQFS,B00E3DVQFS,https://www.flipkart.com/duracell-rechargeable-aa-2500mah-battery/p/itmcdae2446e0066?pid=ACCF5RZ2CM32EUGF&lid=LSTACCF5RZ2CM32EUGFWSVSQF&marketplace=FLIPKART&q=Duracell+Rechargeable+AA+2500mAh&store=tyy%2F4mr%2Fw65&srno=s_1_2&otracker=search&otracker1=search&fm=Search&iid=e9229c62-4289-43f0-8c78-96faa16f11cd.ACCF5RZ2CM32EUGF.SEARCH&ppt=sp&ppn=sp&ssid=qi2h0eaqbk0000001644902194104&qH=d209068c02aee6d1,ACCF5RZ2CM32EUGF,LSTACCF5RZ2CM32EUGFWSVSQF,FLIPKART,https://www.flipkart.com/duracell-rechargeable-aa-2500mah-battery/p/itmcdae2446e0066
www.amazon.in/dp/B01GYQPCTW,B01GYQPCTW,https://www.flipkart.com/panasonic-aaa-rechargeable-battery/p/itm59409359c75e6?pid=ACCFZKTBJHV8G3BP&lid=LSTACCFZKTBJHV8G3BPBFEUB3&marketplace=FLIPKART&q=Panasonic+AAA+Rechargeable+Battery&store=tyy%2F4mr%2Fw65&srno=s_1_2&otracker=search&otracker1=search&fm=Search&iid=4b892f5c-da03-4e43-9e66-5bea026eea38.ACCFZKTBJHV8G3BP.SEARCH&ppt=sp&ppn=sp&ssid=x4s9mbxfsw0000001644902304916&qH=3a7c4ab2f80bb25b,ACCFZKTBJHV8G3BP,LSTACCFZKTBJHV8G3BPBFEUB3,FLIPKART,https://www.flipkart.com/panasonic-aaa-rechargeable-battery/p/itm59409359c75e6
www.amazon.in/dp/B00BATBOT6,B00BATBOT6,,,,,
www.amazon.in/dp/B00006H221,B00006H221,https://www.flipkart.com/duracell-lr44-c2-battery/p/itmfgzhfnzwtzeqh?pid=ACCFGZFWXJHCEWA2&lid=LSTACCFGZFWXJHCEWA2CIE1UX&marketplace=FLIPKART&q=Duracell+LR44+Alkaline+Coin+Battery&store=tyy%2F4mr%2Fw65&srno=s_1_1&otracker=search&otracker1=search&fm=Search&iid=b5807889-2751-4c92-8f92-a3f77e4a683f.ACCFGZFWXJHCEWA2.SEARCH&ppt=sp&ppn=sp&ssid=1sqwgmjn800000001644902701628&qH=6cbf9d6e4ee7088d,ACCFGZFWXJHCEWA2,LSTACCFGZFWXJHCEWA2CIE1UX,FLIPKART,https://www.flipkart.com/duracell-lr44-c2-battery/p/itmfgzhfnzwtzeqh
www.amazon.in/dp/B01DJJVF1Q,B01DJJVF1Q,,,,,
www.amazon.in/dp/B0031YLTSY,B0031YLTSY,https://www.flipkart.com/duracell-rechargeable-aaa-900mah-battery/p/itm89289383ec5b5?pid=ACCF5RYEKYW4TQZT&lid=LSTACCF5RYEKYW4TQZTSK6SVX&marketplace=FLIPKART&q=Duracell+Rechargeable+AAA+900mAh+Batteries%2C+4+Pcs&store=tyy%2F4mr%2Fw65&srno=s_1_3&otracker=search&otracker1=search&fm=Search&iid=62951f7d-11bf-4d81-828c-60893044ba0b.ACCF5RYEKYW4TQZT.SEARCH&ppt=sp&ppn=sp&ssid=ys27nn0udc0000001644903265492&qH=863262cc2c455558,ACCF5RYEKYW4TQZT,LSTACCF5RYEKYW4TQZTSK6SVX,FLIPKART,https://www.flipkart.com/duracell-rechargeable-aaa-900mah-battery/p/itm89289383ec5b5
www.amazon.in/dp/B00VM80JCS,B00VM80JCS,https://www.flipkart.com/duracell-ultra-alkaline-9v-2-pcs-battery/p/itm847bd9e30d548?pid=ACCFDNE9YRXJNTBZ&lid=LSTACCFDNE9YRXJNTBZU86KPE&marketplace=FLIPKART&q=Duracell+Ultra+Alkaline+9V+Battery%2C+2+Pcs&store=tyy%2F4mr%2Fw65&srno=s_1_1&otracker=search&otracker1=search&fm=Search&iid=f89028d8-5ad8-4930-adaf-646a9c71b1d4.ACCFDNE9YRXJNTBZ.SEARCH&ppt=sp&ppn=sp&ssid=pf8qbqki9c0000001644903359497&qH=04b55bb7ff3e5d25,ACCFDNE9YRXJNTBZ,LSTACCFDNE9YRXJNTBZU86KPE,FLIPKART,https://www.flipkart.com/duracell-ultra-alkaline-9v-2-pcs-battery/p/itm847bd9e30d548
www.amazon.in/dp/B094MVFGC7,B094MVFGC7,https://www.flipkart.com/duracell-ultra-alkaline-c-battery/p/itm2dc9fb86dd01c?pid=ACCG466EKCZFHDYK&lid=LSTACCG466EKCZFHDYKCT9O8W&marketplace=FLIPKART&q=Duracell+Ultra+Alkaline+C+Battery%2C+4+Pcs&store=tyy%2F4mr%2Fw65&srno=s_1_1&otracker=search&otracker1=search&fm=Search&iid=f1a6e6ae-f3be-49ea-ab65-e7236e3579b5.ACCG466EKCZFHDYK.SEARCH&ppt=sp&ppn=sp&ssid=07akuztcdc0000001644903395986&qH=0a22c70a7cfdb42f,ACCG466EKCZFHDYK,LSTACCG466EKCZFHDYKCT9O8W,FLIPKART,https://www.flipkart.com/duracell-ultra-alkaline-c-battery/p/itm2dc9fb86dd01c
www.amazon.in/dp/B07RYVVW8X,B07RYVVW8X,,,,,
www.amazon.in/dp/B0038YHSXW,B0038YHSXW,https://www.flipkart.com/panasonic-cr2032-3v-coin-cell-battery-compatible-accu-chek-air-tag-etc/p/itmc75cf06212714?pid=ACCGB7B5NGYEHSG8&lid=LSTACCGB7B5NGYEHSG8PD4IOS&marketplace=FLIPKART&q=Panasonic+CR2032+3V+Coin+Cell+Batteries&store=tyy%2F4mr%2Fw65&spotlightTagId=TrendingId_tyy%2F4mr%2Fw65&srno=s_1_9&otracker=search&otracker1=search&fm=Search&iid=46f7917e-acf9-49d0-8c62-e3098afb639c.ACCGB7B5NGYEHSG8.SEARCH&ppt=sp&ppn=sp&ssid=rys2769p340000001644903679789&qH=dcbefd55c77db8af,ACCGB7B5NGYEHSG8,LSTACCGB7B5NGYEHSG8PD4IOS,FLIPKART,https://www.flipkart.com/panasonic-cr2032-3v-coin-cell-battery-compatible-accu-chek-air-tag-etc/p/itmc75cf06212714
www.amazon.in/dp/B00LH3DMUO,B00LH3DMUO,,,,,
www.amazon.in/dp/B07Y25W7TC,B07Y25W7TC,https://www.flipkart.com/energizer-cr2032-3v-lithium-battery/p/itm89b17ce2e2c2c?pid=ACCFP9HGHTEKBJGW&lid=LSTACCFP9HGHTEKBJGWK2NH9R&marketplace=FLIPKART&q=Energizer+CR2032+3V+Lithium+Battery&store=tyy%2F4mr%2Fw65&srno=s_1_1&otracker=search&otracker1=search&fm=Search&iid=299ec9ec-3965-48b6-b527-e2b831001c7f.ACCFP9HGHTEKBJGW.SEARCH&ppt=sp&ppn=sp&ssid=ktwpu3lcnk0000001644903769430&qH=aef4dfa89c0273e7,ACCFP9HGHTEKBJGW,LSTACCFP9HGHTEKBJGWK2NH9R,FLIPKART,https://www.flipkart.com/energizer-cr2032-3v-lithium-battery/p/itm89b17ce2e2c2c
www.amazon.in/dp/B07JLN3WG1,B07JLN3WG1,,,,,
www.amazon.in/dp/B014SZPFKW,B014SZPFKW,https://www.flipkart.com/duracell-ultra-alkaline-9v-1-pc-battery/p/itmacd1be1271cb8?pid=ACCFDNE9C7AGDMSX&lid=LSTACCFDNE9C7AGDMSXIIOXJZ&marketplace=FLIPKART&q=Duracell+Ultra+Alkaline+9V+Battery&store=tyy%2F4mr%2Fw65&srno=s_1_1&otracker=search&otracker1=search&fm=Search&iid=10a70363-9bce-488e-ace2-f24ed88238aa.ACCFDNE9C7AGDMSX.SEARCH&ppt=sp&ppn=sp&ssid=dig1i1vki80000001644903861597&qH=a1ab59e65a8c8580,ACCFDNE9C7AGDMSX,LSTACCFDNE9C7AGDMSXIIOXJZ,FLIPKART,https://www.flipkart.com/duracell-ultra-alkaline-9v-1-pc-battery/p/itmacd1be1271cb8
www.amazon.in/dp/B01AA4BJX2,B01AA4BJX2,,,,,
www.amazon.in/dp/B010UMWK1O,B010UMWK1O,,,,,
www.amazon.in/dp/B08TBKLVWC,B08TBKLVWC,,,,,
www.amazon.in/dp/B015ZXUDD0,B015ZXUDD0,https://www.flipkart.com/duracell-rechargeable-aa-1300mah-battery/p/itm237fcc10511c9?pid=ACCF5QZNXPPTGZVE&lid=LSTACCF5QZNXPPTGZVEP0PWPB&marketplace=FLIPKART&q=Duracell+Rechargeable+AA+1300mAh+Batteries%2C+4Pcs&store=tyy%2F4mr%2Fw65&srno=s_1_1&otracker=search&otracker1=search&fm=Search&iid=b1f5390d-ae5f-4149-ab46-db19cc79afbf.ACCF5QZNXPPTGZVE.SEARCH&ppt=sp&ppn=sp&ssid=5jpihxio400000001644904844866&qH=261bee0babd49d24,ACCF5QZNXPPTGZVE,LSTACCF5QZNXPPTGZVEP0PWPB,FLIPKART,https://www.flipkart.com/duracell-rechargeable-aa-1300mah-battery/p/itm237fcc10511c9
www.amazon.in/dp/B07GNMFLKH,B07GNMFLKH,,,,,
www.amazon.in/dp/B07QBP8LH3,B07QBP8LH3,https://www.flipkart.com/panasonic-panasoniccr2032-battery/p/itmfc5a65ghdhcaz?pid=ACCFC443HARMXJZJ&lid=LSTACCFC443HARMXJZJ9PRUP3&marketplace=FLIPKART&q=Panasonic+Cr2032+3+Volt+Lithium+Coin+Battery+-+Pack+of+2&store=tyy%2F4mr%2Fw65&srno=s_1_4&otracker=search&otracker1=search&fm=Search&iid=1426743f-ed1f-4f01-9c7b-ef374f083f37.ACCFC443HARMXJZJ.SEARCH&ppt=sp&ppn=sp&ssid=oseobe0sj40000001644904895672&qH=faeb250157f9eb4b,ACCFC443HARMXJZJ,LSTACCFC443HARMXJZJ9PRUP3,FLIPKART,https://www.flipkart.com/panasonic-panasoniccr2032-battery/p/itmfc5a65ghdhcaz
www.amazon.in/dp/B00HR7E61S,B00HR7E61S,https://www.flipkart.com/duracell-rechargeable-aa-2500mah-battery/p/itm63d539526812a?pid=ACCF5QZVSH4XRNC2&lid=LSTACCF5QZVSH4XRNC2GCDR1S&marketplace=FLIPKART&q=Duracell+Rechargeable+AA+2500mAh+Batteries%2C+2+Pcs&store=tyy%2F4mr%2Fw65&srno=s_1_3&otracker=search&otracker1=search&fm=Search&iid=a348091e-edcf-4ac1-bddb-11fc4b3106c4.ACCF5QZVSH4XRNC2.SEARCH&ppt=sp&ppn=sp&ssid=m7sh8etpts0000001644904952090&qH=060f4543710c8110,ACCF5QZVSH4XRNC2,LSTACCF5QZVSH4XRNC2GCDR1S,FLIPKART,https://www.flipkart.com/duracell-rechargeable-aa-2500mah-battery/p/itm63d539526812a
www.amazon.in/dp/B07G7KRQQ5,B07G7KRQQ5,https://www.flipkart.com/duracell-cr-2032-battery/p/itmc842cff72c2a4?pid=ACCFGDJ6JBCJHN88&lid=LSTACCFGDJ6JBCJHN88PC66TV&marketplace=FLIPKART&q=Duracell+-+2032+3V+Lithium+Coin+Battery&store=tyy%2F4mr%2Fw65&srno=s_1_13&otracker=search&otracker1=search&fm=Search&iid=dbd4f679-5a11-42fb-af71-7a9275f7d18d.ACCFGDJ6JBCJHN88.SEARCH&ppt=sp&ppn=sp&ssid=9ognc8vs5s0000001644905033205&qH=8aa4dc97b1bdfab1,ACCFGDJ6JBCJHN88,LSTACCFGDJ6JBCJHN88PC66TV,FLIPKART,https://www.flipkart.com/duracell-cr-2032-battery/p/itmc842cff72c2a4
www.amazon.in/dp/B07JLMXW95,B07JLMXW95,,,,,
www.amazon.in/dp/B014SZOISM,B014SZOISM,https://www.flipkart.com/duracell-ultra-alkaline-aa-2-pcs-battery/p/itm6b55b78e54885?pid=ACCFDGYTAC3Y4AH9&lid=LSTACCFDGYTAC3Y4AH93JUU06&marketplace=GROCERY&q=Duracell+Ultra+Alkaline+AA+Battery%2C+2+pcs&store=tyy%2F4mr%2Fw65&srno=s_1_1&otracker=search&otracker1=search&fm=Search&iid=fd04d22f-3985-4da5-bfc4-647908473abe.ACCFDGYTAC3Y4AH9.SEARCH&ppt=sp&ppn=sp&ssid=g3x1jme7qo0000001644905139833&qH=642d1ef1ef8ec920,ACCFDGYTAC3Y4AH9,LSTACCFDGYTAC3Y4AH93JUU06,GROCERY,https://www.flipkart.com/duracell-ultra-alkaline-aa-2-pcs-battery/p/itm6b55b78e54885
www.amazon.in/dp/B07H5Q2J9T,B07H5Q2J9T,,,,,
www.amazon.in/dp/B084LF24TH,B084LF24TH,https://www.flipkart.com/panasonic-alkaline-1-5-v-lr44-a76-lr-44da-2b5-battery/p/itmf2a4adf60820c?pid=ACCFP695CYNXFHES&lid=LSTACCFP695CYNXFHESE5PCCH&marketplace=FLIPKART&q=Panasonic+Alkaline+Coin+Battery+LR44&store=tyy%2F4mr%2Fw65&srno=s_1_1&otracker=search&otracker1=search&fm=Search&iid=df7629ca-91f5-40dd-a3a1-f7ce44abae67.ACCFP695CYNXFHES.SEARCH&ppt=sp&ppn=sp&ssid=nnx0xpk45c0000001644905381846&qH=30672a741c191d87,ACCFP695CYNXFHES,LSTACCFP695CYNXFHESE5PCCH,FLIPKART,https://www.flipkart.com/panasonic-alkaline-1-5-v-lr44-a76-lr-44da-2b5-battery/p/itmf2a4adf60820c
www.amazon.in/dp/B00MH4QI26,B00MH4QI26,,,,,
www.amazon.in/dp/B08WB167X5,B08WB167X5,,,,,
www.amazon.in/dp/B00NTCHCU2,B00NTCHCU2,,,,,
www.amazon.in/dp/B07Y24THPV,B07Y24THPV,https://www.flipkart.com/energizer-primary-alkaline-batteries-max-3a-battery/p/itm080385affbbe2?pid=ACCG2EZ2NG3FFZAX&lid=LSTACCG2EZ2NG3FFZAXJQFEEX&marketplace=GROCERY&q=Energizer+Max+Alkaline+AA+Batteries&store=tyy%2F4mr%2Fw65&spotlightTagId=BestsellerId_tyy%2F4mr%2Fw65&srno=s_1_3&otracker=search&otracker1=search&fm=Search&iid=15a62e8d-da6f-486b-8c4b-04f63914565d.ACCG2EZ2NG3FFZAX.SEARCH&ppt=sp&ppn=sp&ssid=c66rkluv800000001644905635868&qH=ad82dceaa4e44aae,ACCG2EZ2NG3FFZAX,LSTACCG2EZ2NG3FFZAXJQFEEX,GROCERY,https://www.flipkart.com/energizer-primary-alkaline-batteries-max-3a-battery/p/itm080385affbbe2
www.amazon.in/dp/B00O869QUC,B00O869QUC,,,,,
www.amazon.in/dp/B014SZOORC,B014SZOORC,https://www.flipkart.com/duracell-ultra-alkaline-aa-4-pcs-battery/p/itm527eafae2775f?pid=ACCFDGYT5HBTFXHE&lid=LSTACCFDGYT5HBTFXHETG2KTG&marketplace=FLIPKART&q=Duracell+Ultra+Alkaline+AA+Battery%2C+4+Pieces&store=tyy%2F4mr%2Fw65&srno=s_1_1&otracker=search&otracker1=search&fm=Search&iid=439a0c56-71c1-4efb-805c-ea38c1f9a52a.ACCFDGYT5HBTFXHE.SEARCH&ppt=sp&ppn=sp&ssid=ukbno1tr4g0000001644905887507&qH=a9eb0324baf35fdb,ACCFDGYT5HBTFXHE,LSTACCFDGYT5HBTFXHETG2KTG,FLIPKART,https://www.flipkart.com/duracell-ultra-alkaline-aa-4-pcs-battery/p/itm527eafae2775f
www.amazon.in/dp/B00ZRBWPA0,B00ZRBWPA0,https://www.flipkart.com/eveready-1012-battery/p/itmedc207e18e600?pid=ACCEUJSTP25VGBF5&lid=LSTACCEUJSTP25VGBF56SSDVT&marketplace=GROCERY&q=Eveready+battery&store=search.flipkart.com&srno=s_1_10&otracker=search&otracker1=search&fm=Search&iid=370b8cc5-fd88-4589-a94d-1614b8f32af5.ACCEUJSTP25VGBF5.SEARCH&ppt=sp&ppn=sp&ssid=eb6j6bd9ls0000001644906003286&qH=2799275bdd5a7a78,ACCEUJSTP25VGBF5,LSTACCEUJSTP25VGBF56SSDVT,GROCERY,https://www.flipkart.com/eveready-1012-battery/p/itmedc207e18e600
www.amazon.in/dp/B00ZRBWZNW,B00ZRBWZNW,https://www.flipkart.com/eveready-1015-battery/p/itmc4757f8867d12?pid=ACCEUHMJYT7HWTV7&lid=LSTACCEUHMJYT7HWTV7WBGH2P&marketplace=GROCERY&q=Eveready+Alkaline+Batteries+-+Red+AA%2C+10+Battery+Pack&store=tyy%2F4mr%2Fw65&srno=s_1_7&otracker=search&otracker1=search&fm=Search&iid=ee361ab0-306d-4f5f-ae86-b315c01647b6.ACCEUHMJYT7HWTV7.SEARCH&ppt=sp&ppn=sp&ssid=4igqgfsln40000001644906090887&qH=eaeca6e9484ddd5b,ACCEUHMJYT7HWTV7,LSTACCEUHMJYT7HWTV7WBGH2P,GROCERY,https://www.flipkart.com/eveready-1015-battery/p/itmc4757f8867d12
www.amazon.in/dp/B00NTCH52W,B00NTCH52W,,,,,
www.amazon.in/dp/B00O869KJE,B00O869KJE,,,,,
www.amazon.in/dp/B00LVMTA2A,B00LVMTA2A,https://www.flipkart.com/panasonic-original-cr-2032-battery/p/itmfgfy7cgkjdhyy?pid=ACCF8NQ3ZFGEVZEM&lid=LSTACCF8NQ3ZFGEVZEMPVM5UQ&marketplace=FLIPKART&q=Panasonic+CR-2032%2F5BE+Lithium+Coin+Battery&store=tyy%2F4mr%2Fw65&srno=s_1_6&otracker=search&otracker1=search&fm=Search&iid=90e9f539-e69a-41cf-929f-037d3ae076d5.ACCF8NQ3ZFGEVZEM.SEARCH&ppt=sp&ppn=sp&ssid=gdngppresw0000001644906156897&qH=33d6999b89ad8c63,ACCF8NQ3ZFGEVZEM,LSTACCF8NQ3ZFGEVZEMPVM5UQ,FLIPKART,https://www.flipkart.com/panasonic-original-cr-2032-battery/p/itmfgfy7cgkjdhyy
www.amazon.in/dp/B0033B5TRW,B0033B5TRW,,,,,
www.amazon.in/dp/B003B00484,B003B00484,,,,,
www.amazon.in/dp/B07VL4ZHDF,B07VL4ZHDF,,,,,
www.amazon.in/dp/B07RJSMD4S,B07RJSMD4S,https://www.flipkart.com/duracell-aaaa-battery/p/itm4a83897739a33?pid=ACCG4YR5N9UEQKF9&lid=LSTACCG4YR5N9UEQKF9RAXURZ&marketplace=FLIPKART&q=Duracell+Alkaline+AAAA&store=tyy%2F4mr%2Fw65&srno=s_1_19&otracker=search&otracker1=search&fm=Search&iid=50b59b68-8739-467b-be3c-b22fb88ba4c1.ACCG4YR5N9UEQKF9.SEARCH&ppt=sp&ppn=sp&ssid=ak9nbkdigw0000001644906541053&qH=6ec6819bffdf6104,ACCG4YR5N9UEQKF9,LSTACCG4YR5N9UEQKF9RAXURZ,FLIPKART,https://www.flipkart.com/duracell-aaaa-battery/p/itm4a83897739a33
www.amazon.in/dp/B06X9ZGSF4,B06X9ZGSF4,https://www.flipkart.com/panasonic-ni-mh-aaa-battery/p/itm942565bfd2d49?pid=ACCGFR54VH2JF3HM&lid=LSTACCGFR54VH2JF3HMYY4KZE&marketplace=FLIPKART&q=Panasonic+Rechargable+Ni-MH+AAA+Rechargable+Battery&store=tyy%2F4mr%2Fw65&srno=s_1_2&otracker=search&otracker1=search&fm=Search&iid=11ee142c-c21d-456a-8641-6c7ef1b34114.ACCGFR54VH2JF3HM.SEARCH&ppt=sp&ppn=sp&ssid=jgv1e6iw5s0000001644906644240&qH=2918799c6a47872e,ACCGFR54VH2JF3HM,LSTACCGFR54VH2JF3HMYY4KZE,FLIPKART,https://www.flipkart.com/panasonic-ni-mh-aaa-battery/p/itm942565bfd2d49
www.amazon.in/dp/B014SZP8MW,B014SZP8MW,,,,,
www.amazon.in/dp/B07VNL981B,B07VNL981B,,,,,
www.amazon.in/dp/B014SZPBM4,B014SZPBM4,https://www.flipkart.com/duracell-ultra-alkaline-d-2-pcs-battery/p/itm910dae9dbc2b6?pid=ACCFDNE94XXYHPXN&lid=LSTACCFDNE94XXYHPXNKVHOHD&marketplace=FLIPKART&q=Duracell+Ultra+Alkaline+D+Battery&store=tyy%2F4mr%2Fw65&srno=s_1_1&otracker=search&otracker1=search&fm=Search&iid=ca02f025-7eca-415c-af1c-5bc665c955a8.ACCFDNE94XXYHPXN.SEARCH&ppt=sp&ppn=sp&ssid=n113ao1w280000001644906862295&qH=cb43e36ae2a1eb7d,ACCFDNE94XXYHPXN,LSTACCFDNE94XXYHPXNKVHOHD,FLIPKART,https://www.flipkart.com/duracell-ultra-alkaline-d-2-pcs-battery/p/itm910dae9dbc2b6
www.amazon.in/dp/B07DCRSGWN,B07DCRSGWN,,,,,
www.amazon.in/dp/B00S7KEEQQ,B00S7KEEQQ,,,,,
www.amazon.in/dp/B014HW0SL2,B014HW0SL2,,,,,
www.amazon.in/dp/B00E6AXZHU,B00E6AXZHU,https://www.flipkart.com/duracell-aaaa-ultra-mx2500-battery/p/itmfgyghebhtsdgg?pid=ACCFGYCKXVFGH6FV&lid=LSTACCFGYCKXVFGH6FVKM3PN1&marketplace=FLIPKART&q=Duracell+AAAA+MX2500+Alkaline+Batteries+-+Pack+of+2&store=tyy%2F4mr%2Fw65&srno=s_1_1&otracker=search&otracker1=search&fm=Search&iid=60144c4b-d873-49d5-bab6-00b18bcc1c5a.ACCFGYCKXVFGH6FV.SEARCH&ppt=sp&ppn=sp&ssid=tnurmz6xi80000001644907172182&qH=72563278ffe83bbd,ACCFGYCKXVFGH6FV,LSTACCFGYCKXVFGH6FVKM3PN1,FLIPKART,https://www.flipkart.com/duracell-aaaa-ultra-mx2500-battery/p/itmfgyghebhtsdgg
www.amazon.in/dp/B01DJJVFPC,B01DJJVFPC,,,,,
www.amazon.in/dp/B08WCYN1WK,B08WCYN1WK,,,,,
www.amazon.in/dp/B07PX9ZD2P,B07PX9ZD2P,https://www.flipkart.com/energizer-e96bp-battery/p/itm5e1feb1d13cec?pid=ACCFP9H2SWGJQBEV&lid=LSTACCFP9H2SWGJQBEVIERCS5&marketplace=FLIPKART&q=Energizer+E96BP+AAAA+Alkaline+Battery&store=tyy%2F4mr%2Fw65&srno=s_1_1&otracker=search&otracker1=search&fm=Search&iid=c2fdcd3d-a6ba-4f2a-9e7c-14b327227afd.ACCFP9H2SWGJQBEV.SEARCH&ppt=sp&ppn=sp&ssid=wrzxpswyts0000001644907352874&qH=896daf3b77f659eb,ACCFP9H2SWGJQBEV,LSTACCFP9H2SWGJQBEVIERCS5,FLIPKART,https://www.flipkart.com/energizer-e96bp-battery/p/itm5e1feb1d13cec
www.amazon.in/dp/B00KKKCNTG,B00KKKCNTG,,,,,
www.amazon.in/dp/B08W3JQQSR,B08W3JQQSR,,,,,
www.amazon.in/dp/B094MPFSGB,B094MPFSGB,https://www.flipkart.com/duracell-ultra-alkaline-aaa-battery/p/itmcd4afeed20281?pid=ACCG466A3F8TQDBH&lid=LSTACCG466A3F8TQDBHRCKAMK&marketplace=FLIPKART&q=Duracell+Ultra+Alkaline+AAA+Battery&store=tyy%2F4mr%2Fw65&srno=s_1_7&otracker=search&otracker1=search&fm=Search&iid=676904f0-f97c-478d-92cb-cb5698255238.ACCG466A3F8TQDBH.SEARCH&ppt=sp&ppn=sp&ssid=r2gn4hjbb40000001644907712429&qH=5e416f458f67d422,ACCG466A3F8TQDBH,LSTACCG466A3F8TQDBHRCKAMK,FLIPKART,https://www.flipkart.com/duracell-ultra-alkaline-aaa-battery/p/itmcd4afeed20281
www.amazon.in/dp/B09687F849,B09687F849,https://www.flipkart.com/duracell-alkaline-aa-chhota-power-battery/p/itmf5918fab60246?pid=ACCG4664WGNWZRNK&lid=LSTACCG4664WGNWZRNKYUEVLY&marketplace=FLIPKART&q=Duracell+Alkaline+AA+Battery+Chhota+Power%2C+12+Pcs&store=tyy%2F4mr%2Fw65&spotlightTagId=TrendingId_tyy%2F4mr%2Fw65&srno=s_1_2&otracker=search&otracker1=search&fm=Search&iid=1893bcbe-1f6a-44de-bef2-cd15e9ccf4f4.ACCG4664WGNWZRNK.SEARCH&ppt=sp&ppn=sp&ssid=zqntyj11740000001644907758760&qH=528187b14b6c84e9,ACCG4664WGNWZRNK,LSTACCG4664WGNWZRNKYUEVLY,FLIPKART,https://www.flipkart.com/duracell-alkaline-aa-chhota-power-battery/p/itmf5918fab60246
www.amazon.in/dp/B007RN7DT4,B007RN7DT4,https://www.flipkart.com/panasonic-cr-2016-5be-lithium-coin-pack-5-battery/p/itm51bd86a8b527b?pid=ACCFZKSKXHE6EQNZ&lid=LSTACCFZKSKXHE6EQNZI1LNIV&marketplace=FLIPKART&q=Panasonic+Lithium+Coin+Battery+CR2016&store=tyy%2F4mr%2Fw65&srno=s_1_3&otracker=search&otracker1=search&fm=Search&iid=b951ba0b-042d-40ff-b4e9-436f6fe21277.ACCFZKSKXHE6EQNZ.SEARCH&ppt=sp&ppn=sp&ssid=7wuldldfls0000001644907794504&qH=b1b5144eb6356c0f,ACCFZKSKXHE6EQNZ,LSTACCFZKSKXHE6EQNZI1LNIV,FLIPKART,https://www.flipkart.com/panasonic-cr-2016-5be-lithium-coin-pack-5-battery/p/itm51bd86a8b527b
www.amazon.in/dp/B08QDPB1SL,B08QDPB1SL,https://www.flipkart.com/duracell-chhota-power-aaa-battery/p/itm6ef8a57704e42?pid=ACCG2VB4PAMDBKCG&lid=LSTACCG2VB4PAMDBKCGK6DC2H&marketplace=FLIPKART&q=Duracell+Chhota+Power+AA+Battery+Set+of+10&store=tyy%2F4mr%2Fw65&srno=s_1_5&otracker=search&otracker1=search&fm=Search&iid=3c0c962a-8c13-4a7a-8375-365f84052805.ACCG2VB4PAMDBKCG.SEARCH&ppt=sp&ppn=sp&ssid=c3zny8ua740000001644907836213&qH=13377a696318ffbf,ACCG2VB4PAMDBKCG,LSTACCG2VB4PAMDBKCGK6DC2H,FLIPKART,https://www.flipkart.com/duracell-chhota-power-aaa-battery/p/itm6ef8a57704e42
www.amazon.in/dp/B07Y24THPV,B07Y24THPV,https://www.flipkart.com/energizer-max-aa-4-2-battery/p/itm05b7e5b4550fc?pid=ACCFWHYMVYGQEZEH&lid=LSTACCFWHYMVYGQEZEHFD8UBZ&marketplace=FLIPKART&q=Energizer+Max+Alkaline+AA+Batteries&store=tyy%2F4mr%2Fw65&srno=s_1_1&otracker=search&otracker1=search&fm=Search&iid=d7d9fe2b-6a6c-4052-bcb6-ded2c5ddebc8.ACCFWHYMVYGQEZEH.SEARCH&ppt=sp&ppn=sp&ssid=4ku5whoj3k0000001644908145265&qH=ad82dceaa4e44aae,ACCFWHYMVYGQEZEH,LSTACCFWHYMVYGQEZEHFD8UBZ,FLIPKART,https://www.flipkart.com/energizer-max-aa-4-2-battery/p/itm05b7e5b4550fc
www.amazon.in/dp/B014SZOLWK,B014SZOLWK,https://www.flipkart.com/duracell-ultra-alkaline-aaa-2-pcs-battery/p/itm24e70fce85000?pid=ACCFDGYTACV888AG&lid=LSTACCFDGYTACV888AGIHOUA6&marketplace=GROCERY&q=Duracell+Alkaline+AAA+Battery+with+Duralock+Technology&store=tyy%2F4mr%2Fw65&srno=s_1_8&otracker=search&otracker1=search&fm=Search&iid=429b8f48-792f-465c-8772-b82fdee9c124.ACCFDGYTACV888AG.SEARCH&ppt=sp&ppn=sp&ssid=f6fxby4v5s0000001644908184018&qH=5acc3944561e9093,ACCFDGYTACV888AG,LSTACCFDGYTACV888AGIHOUA6,GROCERY,https://www.flipkart.com/duracell-ultra-alkaline-aaa-2-pcs-battery/p/itm24e70fce85000
www.amazon.in/dp/B07Z4JMVPT,B07Z4JMVPT,,,,,
www.amazon.in/dp/B06XRWFG1K,B06XRWFG1K,https://www.flipkart.com/panasonic-alkaline-aaa-battery/p/itm71343875d19ed?pid=ACCEVCZGGDRYCTZA&lid=LSTACCEVCZGGDRYCTZADZYOOY&marketplace=GROCERY&q=Panasonic+Alkaline+AAA+Battery&store=tyy%2F4mr%2Fw65&srno=s_1_1&otracker=search&otracker1=search&fm=Search&iid=829bd1cc-098a-4af4-9ce3-3193d8e956a8.ACCEVCZGGDRYCTZA.SEARCH&ppt=sp&ppn=sp&ssid=7ykeon4tow0000001644908394048&qH=301cde126a7a6929,ACCEVCZGGDRYCTZA,LSTACCEVCZGGDRYCTZADZYOOY,GROCERY,https://www.flipkart.com/panasonic-alkaline-aaa-battery/p/itm71343875d19ed
www.amazon.in/dp/B07BTT1BKX,B07BTT1BKX,https://www.flipkart.com/duracell-specialty-alkaline-aaaa-batteries-1-5v-pack-2-battery/p/itme464e112c8611?pid=ACCFJV4GSQK9ACUE&lid=LSTACCFJV4GSQK9ACUEHMNJHW&marketplace=FLIPKART&q=Duracell+AAAA+MX2500+Alkaline+Batteries+1%2C5V+-+Pack+of+2&store=tyy%2F4mr%2Fw65&srno=s_1_2&otracker=search&otracker1=search&fm=Search&iid=b5f4f685-eb99-48b8-8f01-7525e590faf1.ACCFJV4GSQK9ACUE.SEARCH&ppt=sp&ppn=sp&ssid=6rjteat9gg0000001644908426379&qH=a72873c3a585e2e7,ACCFJV4GSQK9ACUE,LSTACCFJV4GSQK9ACUEHMNJHW,FLIPKART,https://www.flipkart.com/duracell-specialty-alkaline-aaaa-batteries-1-5v-pack-2-battery/p/itme464e112c8611
www.amazon.in/dp/B014SZOX96,B014SZOX96,https://www.flipkart.com/duracell-ultra-alkaline-aaa-6-pcs-battery/p/itm264d82d7c2ce4?pid=ACCFDGYTJV3ZDQAG&lid=LSTACCFDGYTJV3ZDQAG3MP6BJ&marketplace=FLIPKART&q=Duracell+Ultra+Alkaline+AAA+Battery&store=tyy%2F4mr%2Fw65&srno=s_1_1&otracker=search&otracker1=search&fm=Search&iid=a0976bdd-ac8c-4a53-8d7b-e6f2063b2e8a.ACCFDGYTJV3ZDQAG.SEARCH&ppt=sp&ppn=sp&ssid=xedf27zxmo0000001644908514469&qH=5e416f458f67d422,ACCFDGYTJV3ZDQAG,LSTACCFDGYTJV3ZDQAG3MP6BJ,FLIPKART,https://www.flipkart.com/duracell-ultra-alkaline-aaa-6-pcs-battery/p/itm264d82d7c2ce4
www.amazon.in/dp/B094MKYHT9,B094MKYHT9,https://www.flipkart.com/duracell-ultra-alkaline-d-battery/p/itme111d7e98440a?pid=ACCG4664JCBDUGB8&lid=LSTACCG4664JCBDUGB8LAYIUE&marketplace=FLIPKART&q=Duracell+Ultra+Alkaline+D+Battery&store=tyy%2F4mr%2Fw65&srno=s_1_2&otracker=search&otracker1=search&fm=Search&iid=61842e32-d618-4dc1-a3c7-aece4057e1fe.ACCG4664JCBDUGB8.SEARCH&ppt=sp&ppn=sp&ssid=ef6rmzaasg0000001644908560283&qH=cb43e36ae2a1eb7d,ACCG4664JCBDUGB8,LSTACCG4664JCBDUGB8LAYIUE,FLIPKART,https://www.flipkart.com/duracell-ultra-alkaline-d-battery/p/itme111d7e98440a
www.amazon.in/dp/B07FBZLXT2,B07FBZLXT2,https://www.flipkart.com/duracell-cr2-photo-lithium-battery/p/itm8f833e7e8c5b6?pid=ACCFZY8KNZEBDHYE&lid=LSTACCFZY8KNZEBDHYE7TRRFC&marketplace=FLIPKART&q=Duracell+Specialty+Type+CR2+Ultra+Lithium&store=tyy%2F4mr%2Fw65&srno=s_1_2&otracker=search&otracker1=search&fm=Search&iid=73836318-1c3d-4514-bdec-7c12d5e06837.ACCFZY8KNZEBDHYE.SEARCH&ppt=sp&ppn=sp&ssid=y9ghkuf2g00000001644908614718&qH=39cc7b8225631af0,ACCFZY8KNZEBDHYE,LSTACCFZY8KNZEBDHYE7TRRFC,FLIPKART,https://www.flipkart.com/duracell-cr2-photo-lithium-battery/p/itm8f833e7e8c5b6
www.amazon.in/dp/B07BFNF9NV,B07BFNF9NV,,,,,
www.amazon.in/dp/B00M1G1I5W,B00M1G1I5W,https://www.flipkart.com/panasonic-cr-1616-battery/p/itm238f8b8ca9e58?pid=ACCG4AGT2WVZSN2V&lid=LSTACCG4AGT2WVZSN2VUCUUQX&marketplace=FLIPKART&q=Panasonic+Lithium+Coin+Battery+CR1616&store=tyy%2F4mr%2Fw65&srno=s_1_6&otracker=search&otracker1=search&fm=Search&iid=8502311f-1240-45ed-9bbb-3acb930a63d5.ACCG4AGT2WVZSN2V.SEARCH&ppt=sp&ppn=sp&ssid=zuj9mdscc00000001644908772291&qH=e4f8852108b2bfa9,ACCG4AGT2WVZSN2V,LSTACCG4AGT2WVZSN2VUCUUQX,FLIPKART,https://www.flipkart.com/panasonic-cr-1616-battery/p/itm238f8b8ca9e58
www.amazon.in/dp/B07LB5TGDD,B07LB5TGDD,https://www.flipkart.com/energizer-alkaline-batteries-size-aaaa-1-5-v-blister-pack-2-battery/p/itm0d2cbb18198ff?pid=ACCFP9HRZ9HXSFUD&lid=LSTACCFP9HRZ9HXSFUDXAOJJ9&marketplace=FLIPKART&q=Energizer+Alkaline+AAAA+Speciality+Batteries&store=tyy%2F4mr%2Fw65&srno=s_1_4&otracker=search&otracker1=search&fm=Search&iid=4a2ea38f-4f42-45a0-a0ef-ab3e4ce8db50.ACCFP9HRZ9HXSFUD.SEARCH&ppt=sp&ppn=sp&ssid=p3hdjfm5680000001644908886943&qH=31a8838d91e6d919,ACCFP9HRZ9HXSFUD,LSTACCFP9HRZ9HXSFUDXAOJJ9,FLIPKART,https://www.flipkart.com/energizer-alkaline-batteries-size-aaaa-1-5-v-blister-pack-2-battery/p/itm0d2cbb18198ff
www.amazon.in/dp/B017SKZM7U,B017SKZM7U,https://www.flipkart.com/eveready-1012-battery/p/itmedc207e18e600?pid=ACCEUJSTP25VGBF5&lid=LSTACCEUJSTP25VGBF56SSDVT&marketplace=GROCERY&q=Eveready+AAA+Battery&store=search.flipkart.com&srno=s_1_9&otracker=search&otracker1=search&fm=Search&iid=70e2a440-67ba-451b-b88e-6e49be6b6f9d.ACCEUJSTP25VGBF5.SEARCH&ppt=sp&ppn=sp&ssid=mna8iwthds0000001644909023691&qH=6eef0e1dd0e2d957,ACCEUJSTP25VGBF5,LSTACCEUJSTP25VGBF56SSDVT,GROCERY,https://www.flipkart.com/eveready-1012-battery/p/itmedc207e18e600
www.amazon.in/dp/B07HFCC24D,B07HFCC24D,https://www.flipkart.com/panasonic-aa-goldplus-1-5v-r6ndg-1b10-battery-pack-30/p/itmfgq2ehzhhwsmf?pid=ACCFGPWHV7ZZQ8EF&lid=LSTACCFGPWHV7ZZQ8EFECJCKB&marketplace=FLIPKART&q=Panasonic+Gold&store=search.flipkart.com&srno=s_1_1&otracker=search&otracker1=search&fm=Search&iid=a135bbea-e63c-4840-9227-fcfa261b044c.ACCFGPWHV7ZZQ8EF.SEARCH&ppt=sp&ppn=sp&ssid=g5h6kfwzao0000001644909088821&qH=1c7c57cb364fb649,ACCFGPWHV7ZZQ8EF,LSTACCFGPWHV7ZZQ8EFECJCKB,FLIPKART,https://www.flipkart.com/panasonic-aa-goldplus-1-5v-r6ndg-1b10-battery-pack-30/p/itmfgq2ehzhhwsmf
www.amazon.in/dp/B08WB3XGRP,B08WB3XGRP,,,,,
www.amazon.in/dp/B089571PDQ,B089571PDQ,https://www.flipkart.com/eveready-1012-battery/p/itmedc207e18e600?pid=ACCEUJSTP25VGBF5&lid=LSTACCEUJSTP25VGBF56SSDVT&marketplace=GROCERY&q=Eveready+1012+Carbon+Zinc+AAA+Battery&store=tyy%2F4mr%2Fw65&spotlightTagId=TrendingId_tyy%2F4mr%2Fw65&srno=s_1_1&otracker=search&otracker1=search&fm=Search&iid=c3d44bb2-f20e-4e58-ad82-d95c2ef4684d.ACCEUJSTP25VGBF5.SEARCH&ppt=sp&ppn=sp&ssid=de91owohz40000001644909169819&qH=40d9601a2f330356,ACCEUJSTP25VGBF5,LSTACCEUJSTP25VGBF56SSDVT,GROCERY,https://www.flipkart.com/eveready-1012-battery/p/itmedc207e18e600
www.amazon.in/dp/B07FWBT68J,B07FWBT68J,,,,,
www.amazon.in/dp/B01IP52BNK,B01IP52BNK,https://www.flipkart.com/eveready-1015-battery/p/itmc4757f8867d12?pid=ACCEUHMJYT7HWTV7&lid=LSTACCEUHMJYT7HWTV7WBGH2P&marketplace=GROCERY&q=Eveready+Battery+1015&store=tyy%2F4mr%2Fw65&srno=s_1_1&otracker=search&otracker1=search&fm=Search&iid=85cf32b4-f6da-4ee1-afb4-17222ceb0f40.ACCEUHMJYT7HWTV7.SEARCH&ppt=sp&ppn=sp&ssid=7sf5bemuts0000001644909355085&qH=b6048260fe9f124d,ACCEUHMJYT7HWTV7,LSTACCEUHMJYT7HWTV7WBGH2P,GROCERY,https://www.flipkart.com/eveready-1015-battery/p/itmc4757f8867d12
www.amazon.in/dp/B096K52RM5,B096K52RM5,https://www.flipkart.com/duracell-alkaline-aaa-chhota-power-battery/p/itm9cbb4f78a2344?pid=ACCG466ZHWXHXBHW&lid=LSTACCG466ZHWXHXBHWK8SR8R&marketplace=FLIPKART&q=Duracell+Alkaline+AAA+Battery+Chhota+Power%2C+8+Pcs&store=tyy%2F4mr%2Fw65&srno=s_1_5&otracker=search&otracker1=search&fm=Search&iid=d192251e-32a2-41c0-b4a7-8b6eb5da1b36.ACCG466ZHWXHXBHW.SEARCH&ppt=sp&ppn=sp&ssid=51f3ogyt800000001644909388034&qH=78fccf36c107c0e4,ACCG466ZHWXHXBHW,LSTACCG466ZHWXHXBHWK8SR8R,FLIPKART,https://www.flipkart.com/duracell-alkaline-aaa-chhota-power-battery/p/itm9cbb4f78a2344
www.amazon.in/dp/B07VL4ZHDF,B07VL4ZHDF,,,,,
www.amazon.in/dp/B00ONQ6JX4,B00ONQ6JX4,,,,,
www.amazon.in/dp/B08QDW2FHL,B08QDW2FHL,,,,,
www.amazon.in/dp/B08WC34GS3,B08WC34GS3,,,,,
www.amazon.in/dp/B08WBVYBQQ,B08WBVYBQQ,,,,,
www.amazon.in/dp/B000J656LS,B000J656LS,https://www.flipkart.com/duracell-lr44-c2-battery/p/itmfgzhfnzwtzeqh?pid=ACCFGZFWXJHCEWA2&lid=LSTACCFGZFWXJHCEWA2CIE1UX&marketplace=FLIPKART&q=Duracell+type+lr44&store=tyy%2F4mr%2Fw65&srno=s_1_1&otracker=search&otracker1=search&fm=Search&iid=2d302e8a-380e-4c47-b765-f7b18055f5f9.ACCFGZFWXJHCEWA2.SEARCH&ppt=sp&ppn=sp&ssid=o1lc52y90g0000001644909791086&qH=4efc7f29e78f0ac1,ACCFGZFWXJHCEWA2,LSTACCFGZFWXJHCEWA2CIE1UX,FLIPKART,https://www.flipkart.com/duracell-lr44-c2-battery/p/itmfgzhfnzwtzeqh
www.amazon.in/dp/B07HDBJPJ7,B07HDBJPJ7,,,,,
www.amazon.in/dp/B07CZYPDF5,B07CZYPDF5,https://www.flipkart.com/duracell-cr2032-coin-cell-1-battery/p/itm5fd50723e3f13?pid=ACCFZY8YCNY4UT8V&lid=LSTACCFZY8YCNY4UT8VYV7UQL&marketplace=FLIPKART&q=DURACELL+CR2032+Coin+Cell&store=tyy%2F4mr%2Fw65&srno=s_1_1&otracker=search&otracker1=search&fm=Search&iid=7fe38ed3-b4e3-4f47-a0cc-bf8ed9f2bd74.ACCFZY8YCNY4UT8V.SEARCH&ppt=sp&ppn=sp&ssid=22boc1vilc0000001644909966766&qH=66bfa9ba853f5a85,ACCFZY8YCNY4UT8V,LSTACCFZY8YCNY4UT8VYV7UQL,FLIPKART,https://www.flipkart.com/duracell-cr2032-coin-cell-1-battery/p/itm5fd50723e3f13
www.amazon.in/dp/B00LH3DTYS,B00LH3DTYS,,,,,
www.amazon.in/dp/B071FSZXXX,B071FSZXXX,https://www.flipkart.com/panasonic-original-cr-1632-battery/p/itmfergvnkz7ct9d?pid=ACCG8ARMN34YPE8C&lid=LSTACCG8ARMN34YPE8CK3WCHF&marketplace=FLIPKART&q=Panasonic+CR1632&store=tyy&srno=s_1_2&otracker=search&otracker1=search&fm=Search&iid=ae35a3ce-581e-46cd-9219-301c8f14e09d.ACCG8ARMN34YPE8C.SEARCH&ppt=sp&ppn=sp&ssid=f4gfkcbypc0000001644910042081&qH=fd795eac39cb3aaf,ACCG8ARMN34YPE8C,LSTACCG8ARMN34YPE8CK3WCHF,FLIPKART,https://www.flipkart.com/panasonic-original-cr-1632-battery/p/itmfergvnkz7ct9d
www.amazon.in/dp/B07Z4JCXNK,B07Z4JCXNK,,,,,
www.amazon.in/dp/B096K5PSTC,B096K5PSTC,https://www.flipkart.com/duracell-alkaline-aaa-chhota-power-battery/p/itm9cbb4f78a2344?pid=ACCG466GCHQZZNNJ&lid=LSTACCG466GCHQZZNNJHSFF5J&marketplace=FLIPKART&q=Duracell+Alkaline+AAA+Battery+Chhota+Power%2C+20+Pcs&store=tyy%2F4mr%2Fw65&srno=s_1_1&otracker=search&otracker1=search&fm=Search&iid=47935654-88d1-49c9-8096-4708cadf843a.ACCG466GCHQZZNNJ.SEARCH&ppt=sp&ppn=sp&ssid=8q80bfyhi80000001644910161596&qH=d5635fc7f3d4d727,ACCG466GCHQZZNNJ,LSTACCG466GCHQZZNNJHSFF5J,FLIPKART,https://www.flipkart.com/duracell-alkaline-aaa-chhota-power-battery/p/itm9cbb4f78a2344
www.amazon.in/dp/B094ML24T3,B094ML24T3,,,,,
www.amazon.in/dp/B004J2ZFX2,B004J2ZFX2,https://www.flipkart.com/duracell-mn21-batteries-2pcs-battery/p/itm6785a21180395?pid=ACCFJASY83VUPQ8Y&lid=LSTACCFJASY83VUPQ8Y4XL4HJ&marketplace=FLIPKART&q=Duracell+MN21+Alkaline+Batteries+&store=tyy%2F4mr%2Fw65&srno=s_1_1&otracker=search&otracker1=search&fm=Search&iid=c02c2c2e-6b8c-44d3-91de-6e75a2de709a.ACCFJASY83VUPQ8Y.SEARCH&ppt=sp&ppn=sp&ssid=mikn5mbh0g0000001644910372485&qH=5a6e5960e7b3ed2c,ACCFJASY83VUPQ8Y,LSTACCFJASY83VUPQ8Y4XL4HJ,FLIPKART,https://www.flipkart.com/duracell-mn21-batteries-2pcs-battery/p/itm6785a21180395
www.amazon.in/dp/B007VGF5VK,B007VGF5VK,,,,,
www.amazon.in/dp/B005CFOFCM,B005CFOFCM,,,,,
www.amazon.in/dp/B00MNV8E0C,B00MNV8E0C,,,,,
www.amazon.in/dp/B015V603NQ,B015V603NQ,https://www.flipkart.com/e4u-3v-cr2016-100-authentic-hitachi-maxell-make-lithium-coin-holder-5-pieces-battery/p/itm2d1e987aa0a43?pid=ACCFHWYTZBN2DYNP&lid=LSTACCFHWYTZBN2DYNPKAESRE&marketplace=FLIPKART&q=Maxell+Lithium+Battery+CR2016&store=tyy%2F4mr%2Fw65&srno=s_1_7&otracker=search&otracker1=search&fm=Search&iid=d98f934d-54ae-4133-a4cc-7b761f2495d8.ACCFHWYTZBN2DYNP.SEARCH&ppt=sp&ppn=sp&ssid=jc2255he1c0000001644910531214&qH=745678c17f46b009,ACCFHWYTZBN2DYNP,LSTACCFHWYTZBN2DYNPKAESRE,FLIPKART,https://www.flipkart.com/e4u-3v-cr2016-100-authentic-hitachi-maxell-make-lithium-coin-holder-5-pieces-battery/p/itm2d1e987aa0a43
www.amazon.in/dp/B009DJEHJE,B009DJEHJE,https://www.flipkart.com/panasonic-cr-123aw-1be-photo-lithium-battery/p/itme2bb2bf77d19e?pid=ACCFZJXSAYMBJBEK&lid=LSTACCFZJXSAYMBJBEKJDZLQH&marketplace=FLIPKART&q=Panasonic+Photo+Lithium+Battery+CR123AW&store=tyy%2F4mr%2Fw65&srno=s_1_1&otracker=search&otracker1=search&fm=Search&iid=aba1d3fc-7a13-4daa-be0a-4e93c8756886.ACCFZJXSAYMBJBEK.SEARCH&ppt=sp&ppn=sp&ssid=mikygqt6k00000001644910774008&qH=beafecf49f75cd11,ACCFZJXSAYMBJBEK,LSTACCFZJXSAYMBJBEKJDZLQH,FLIPKART,https://www.flipkart.com/panasonic-cr-123aw-1be-photo-lithium-battery/p/itme2bb2bf77d19e
www.amazon.in/dp/B00MH4QKP6,B00MH4QKP6,,,,,
www.amazon.in/dp/B07Y348F5D,B07Y348F5D,,,,,
www.amazon.in/dp/B09686TGF4,B09686TGF4,https://www.flipkart.com/duracell-alkaline-aa-chhota-power-battery/p/itmf5918fab60246?pid=ACCG466ESF85GBNZ&lid=LSTACCG466ESF85GBNZXME7HA&marketplace=FLIPKART&q=Duracell+Alkaline+AA+Battery+Chhota+Power&store=tyy%2F4mr%2Fw65&srno=s_1_2&otracker=search&otracker1=search&fm=Search&iid=dff62844-e905-4289-adfa-8700ce4ea23b.ACCG466ESF85GBNZ.SEARCH&ppt=sp&ppn=sp&ssid=ns8tf4nnw00000001644910955420&qH=fab586cb22c2871b,ACCG466ESF85GBNZ,LSTACCG466ESF85GBNZXME7HA,FLIPKART,https://www.flipkart.com/duracell-alkaline-aa-chhota-power-battery/p/itmf5918fab60246
www.amazon.in/dp/B07JM6HM8L,B07JM6HM8L,,,,,
www.amazon.in/dp/B00N3VH7DG,B00N3VH7DG,https://www.flipkart.com/duracell-cr123-pack-2-battery/p/itm45883b8abfd8b?pid=ACCFZYAFCFNJSF7C&lid=LSTACCFZYAFCFNJSF7CK5D1VS&marketplace=FLIPKART&q=Duracell+CR123A%2C+DL123A%2C+EL123A%2C+CR17345+Ultra+Photo+Lithium+Batteries&store=tyy%2F4mr%2Fw65&srno=s_1_1&otracker=search&otracker1=search&fm=Search&iid=626b7f48-c27a-4136-b908-24ad547388fa.ACCFZYAFCFNJSF7C.SEARCH&ppt=sp&ppn=sp&ssid=mv7412fa280000001644911079721&qH=2fa11140ef572a2d,ACCFZYAFCFNJSF7C,LSTACCFZYAFCFNJSF7CK5D1VS,FLIPKART,https://www.flipkart.com/duracell-cr123-pack-2-battery/p/itm45883b8abfd8b
www.amazon.in/dp/B01DJJVGBA,B01DJJVGBA,,,,,
www.amazon.in/dp/B01B8R6PF2,B01B8R6PF2,,,,,
www.amazon.in/dp/B006T9APEM,B006T9APEM,https://www.flipkart.com/energizer-primary-alkaline-9v-battery/p/itm399227d9f96c7?pid=ACCG2EZ23DZCEQKU&lid=LSTACCG2EZ23DZCEQKUFVJUAF&marketplace=GROCERY&q=Energizer+Alkaline+Battery+Max+522BP1&store=tyy%2F4mr%2Fw65&srno=s_1_7&otracker=search&otracker1=search&fm=Search&iid=669df0f4-a074-4eac-82c4-6b3a1c9d6642.ACCG2EZ23DZCEQKU.SEARCH&ppt=sp&ppn=sp&ssid=lwh1qywbi80000001644911224822&qH=25a4d6d566656041,ACCG2EZ23DZCEQKU,LSTACCG2EZ23DZCEQKUFVJUAF,GROCERY,https://www.flipkart.com/energizer-primary-alkaline-9v-battery/p/itm399227d9f96c7
www.amazon.in/dp/B07JM6YZ2K,B07JM6YZ2K,,,,,
www.amazon.in/dp/B014SZOLWK,B014SZOLWK,,,,,
www.amazon.in/dp/B096K6HTTF,B096K6HTTF,https://www.flipkart.com/duracell-alkaline-aaa-chhota-power-battery/p/itm9cbb4f78a2344?pid=ACCG466EVMFY7AHW&lid=LSTACCG466EVMFY7AHWGO88N2&marketplace=FLIPKART&q=Duracell+Alkaline+AAA+Battery+Chhota+Power%2C+12+Pcs&store=tyy%2F4mr%2Fw65&srno=s_1_2&otracker=search&otracker1=search&fm=Search&iid=fe824d65-7128-440c-93c7-f70b8775acb8.ACCG466EVMFY7AHW.SEARCH&ppt=sp&ppn=sp&ssid=aiy9ccbd0w0000001644910863373&qH=32e03a015b87f208,ACCG466EVMFY7AHW,LSTACCG466EVMFY7AHWGO88N2,FLIPKART,https://www.flipkart.com/duracell-alkaline-aaa-chhota-power-battery/p/itm9cbb4f78a2344
www.amazon.in/dp/B09HBYL3XG,B09HBYL3XG,,,,,
www.amazon.in/dp/B07Y24K5YL,B07Y24K5YL,,,,,
www.amazon.in/dp/B00GHE16N8,B00GHE16N8,,,,,
www.amazon.in/dp/B01FWAM226,B01FWAM226,,,,,
www.amazon.in/dp/B07Z4JQJF1,B07Z4JQJF1,,,,,
www.amazon.in/dp/B00D8P5T0U,B00D8P5T0U,,,,,
www.amazon.in/dp/B01B8R6V2E,B01B8R6V2E,,,,,
www.amazon.in/dp/B00009QJVE,B00009QJVE,,,,,
www.amazon.in/dp/B07YLVNFJ1,B07YLVNFJ1,,,,,
www.amazon.in/dp/B00JES4DUC,B00JES4DUC,,,,,
www.amazon.in/dp/B08WCKKPDP,B08WCKKPDP,https://www.flipkart.com/panasonic-lr03eg-12b-4-battery/p/itmae00ebc4f673f?pid=ACCG3YRWEFSBEGHE&lid=LSTACCG3YRWEFSBEGHEZPGUJ1&marketplace=FLIPKART&q=Panasonic+EVOLTA+Alkaline+AAA+Battery%2C+Pack+of+12&store=tyy%2F4mr%2Fw65&srno=s_1_23&otracker=search&otracker1=search&fm=Search&iid=febfe649-0652-4ea4-8504-6d2d4946ed70.ACCG3YRWEFSBEGHE.SEARCH&ppt=sp&ppn=sp&ssid=is5ew59p0g0000001644911747377&qH=f85e2b9b5c6c2654,ACCG3YRWEFSBEGHE,LSTACCG3YRWEFSBEGHEZPGUJ1,FLIPKART,https://www.flipkart.com/panasonic-lr03eg-12b-4-battery/p/itmae00ebc4f673f
www.amazon.in/dp/B072JQ6RKW,B072JQ6RKW,https://www.flipkart.com/duracell-specialty-type-2016-lithium-coin-pack-1-battery/p/itmerfc555gphjve?pid=ACCERFBWBHHRFN5F&lid=LSTACCERFBWBHHRFN5FNXINN9&marketplace=FLIPKART&q=Duracell+CR+2016+3V+Lithium+Coin+Battery&store=tyy%2F4mr%2Fw65&srno=s_1_4&otracker=search&otracker1=search&fm=Search&iid=18e0da62-d86c-4622-88f3-97214e9b1ac9.ACCERFBWBHHRFN5F.SEARCH&ppt=sp&ppn=sp&ssid=nu2z4qooxs0000001644911938070&qH=341d1f08a9ebd95b,ACCERFBWBHHRFN5F,LSTACCERFBWBHHRFN5FNXINN9,FLIPKART,https://www.flipkart.com/duracell-specialty-type-2016-lithium-coin-pack-1-battery/p/itmerfc555gphjve
www.amazon.in/dp/B014HW0SL2,B014HW0SL2,,,,,
www.amazon.in/dp/B0118JF3JO,B0118JF3JO,,,,,
www.amazon.in/dp/B08WCYRDD3,B08WCYRDD3,https://www.flipkart.com/panasonic-lr6eg-12b-4-battery/p/itme1ae232584531?pid=ACCG3YRWW6JSEH7S&lid=LSTACCG3YRWW6JSEH7SVVL2TX&marketplace=FLIPKART&q=Panasonic+EVOLTA+Alkaline+AA+Battery%2C+Pack+of+12&store=tyy%2F4mr%2Fw65&srno=s_1_31&otracker=search&otracker1=search&fm=Search&iid=6afc9d53-b296-4438-9e6f-66a1fedb2ec3.ACCG3YRWW6JSEH7S.SEARCH&ppt=sp&ppn=sp&ssid=sgzq9xu8xs0000001644912375210&qH=ad8ab0bb38d634b5,ACCG3YRWW6JSEH7S,LSTACCG3YRWW6JSEH7SVVL2TX,FLIPKART,https://www.flipkart.com/panasonic-lr6eg-12b-4-battery/p/itme1ae232584531
www.amazon.in/dp/B00M6MWZ26,B00M6MWZ26,,,,,
www.amazon.in/dp/B008194UIU,B008194UIU,,,,,
www.amazon.in/dp/B0846MQZ8R,B0846MQZ8R,,,,,
www.amazon.in/dp/B078PMSF1X,B078PMSF1X,,,,,
www.amazon.in/dp/B07FBMT29Q,B07FBMT29Q,,,,,
www.amazon.in/dp/B09689JGC4,B09689JGC4,https://www.flipkart.com/duracell-alkaline-aa-chhota-power-battery/p/itmb0b28e2792c4a?pid=ACCG467H6HDAH2F7&lid=LSTACCG467H6HDAH2F7TJHS1I&marketplace=FLIPKART&q=Duracell+Alkaline+AA+Battery+Chhota+Power&store=tyy%2F4mr%2Fw65&srno=s_1_5&otracker=search&otracker1=search&fm=Search&iid=6ad0ab6f-7ae6-434e-bf80-6f625816eacf.ACCG467H6HDAH2F7.SEARCH&ppt=sp&ppn=sp&ssid=i59dy8ezdc0000001644912314074&qH=fab586cb22c2871b,ACCG467H6HDAH2F7,LSTACCG467H6HDAH2F7TJHS1I,FLIPKART,https://www.flipkart.com/duracell-alkaline-aa-chhota-power-battery/p/itmb0b28e2792c4a
www.amazon.in/dp/B004U13RI2,B004U13RI2,https://www.flipkart.com/panasonic-alkaline-lr20-d-size-battery/p/itm3d27e490f9008?pid=ACCFV3ABPCHJKSDH&lid=LSTACCFV3ABPCHJKSDHEGAPDN&marketplace=FLIPKART&q=Panasonic+Alkaline+D+Battery&store=tyy%2F4mr&srno=s_1_1&otracker=search&otracker1=search&fm=Search&iid=cac211c9-433b-4371-b175-a00673379f8e.ACCFV3ABPCHJKSDH.SEARCH&ppt=sp&ppn=sp&ssid=qmzozrqif40000001644912264428&qH=6cc48dca6c23a511,ACCFV3ABPCHJKSDH,LSTACCFV3ABPCHJKSDHEGAPDN,FLIPKART,https://www.flipkart.com/panasonic-alkaline-lr20-d-size-battery/p/itm3d27e490f9008
www.amazon.in/dp/B00724OANK,B00724OANK,https://www.flipkart.com/duracell-cr-2032-battery/p/itmc842cff72c2a4?pid=ACCFGDJ6JBCJHN88&lid=LSTACCFGDJ6JBCJHN88PC66TV&marketplace=FLIPKART&q=Duracell+cr2032+Pack+of+2&store=tyy%2F4mr%2Fw65&srno=s_1_2&otracker=search&otracker1=search&fm=Search&iid=73cb4ab3-8c42-48cc-ae2c-b684d009fd8c.ACCFGDJ6JBCJHN88.SEARCH&ppt=sp&ppn=sp&ssid=oib1fjlp9c0000001644912223095&qH=1b29ae216302b036,ACCFGDJ6JBCJHN88,LSTACCFGDJ6JBCJHN88PC66TV,FLIPKART,https://www.flipkart.com/duracell-cr-2032-battery/p/itmc842cff72c2a4
www.amazon.in/dp/B076VP2FTM,B076VP2FTM,https://www.flipkart.com/uniross-1000-mah-ni-mh-aa-battery/p/itmdqh4vuhcwyqhz?pid=ACCDQH4UGKD7K77W&lid=LSTACCDQH4UGKD7K77W4XVWSP&marketplace=FLIPKART&q=EVEREADY+Rechargeable+Batteries+-+by+Fratelli+-+Uniross+%28600MAH+-+4+Battery+Pack%29&store=tyy%2F4mr%2Fw65&srno=s_1_4&otracker=search&otracker1=search&fm=Search&iid=a4366375-c981-4ba9-8ea6-ca738a54c5f3.ACCDQH4UGKD7K77W.SEARCH&ppt=sp&ppn=sp&ssid=kcgnow8sy80000001644903390923&qH=922848f32b1b654e,ACCDQH4UGKD7K77W,LSTACCDQH4UGKD7K77W4XVWSP,FLIPKART,https://www.flipkart.com/uniross-1000-mah-ni-mh-aa-battery/p/itmdqh4vuhcwyqhz
www.amazon.in/dp/B07DCRG8S1,B07DCRG8S1,,,,,
www.amazon.in/dp/B08WDT9ZDT,B08WDT9ZDT,,,,,
www.amazon.in/dp/B08N6P6SBJ,B08N6P6SBJ,,,,,
www.amazon.in/dp/B00S7KE0Y2,B00S7KE0Y2,,,,,
www.amazon.in/dp/B00CLURRPS,B00CLURRPS,https://www.flipkart.com/duracell-cr-2025-battery/p/itmfby2zaxczqgpr?pid=ACCFAZ5ZQHNGVKMV&lid=LSTACCFAZ5ZQHNGVKMVT5F7FR&marketplace=FLIPKART&q=DURDL20254PK+-+Duracell+Button+Cell+Lithium+Battery+2025+4+pack&store=tyy%2F4mr%2Fw65&srno=s_1_22&otracker=search&otracker1=search&fm=Search&iid=0900bc38-6fae-4c97-971f-db22b90c2f38.ACCFAZ5ZQHNGVKMV.SEARCH&ppt=sp&ppn=sp&ssid=itik78v0gw0000001644904006411&qH=757681a9e0f165a4,ACCFAZ5ZQHNGVKMV,LSTACCFAZ5ZQHNGVKMVT5F7FR,FLIPKART,https://www.flipkart.com/duracell-cr-2025-battery/p/itmfby2zaxczqgpr
www.amazon.in/dp/B002YN2UWW,B002YN2UWW,,,,,
www.amazon.in/dp/B0031VXQEM,B0031VXQEM,,,,,
www.amazon.in/dp/B000B8WYGE,B000B8WYGE,,,,,
www.amazon.in/dp/B08WCLK518,B08WCLK518,,,,,
www.amazon.in/dp/B000XSG300,B000XSG300,,,,,
www.amazon.in/dp/B003SI0TD4,B003SI0TD4,,,,,
www.amazon.in/dp/B07VKQ6XLZ,B07VKQ6XLZ,,,,,
www.amazon.in/dp/B00CHUQUTG,B00CHUQUTG,,,,,
www.amazon.in/dp/B00W5C1P32,B00W5C1P32,https://www.flipkart.com/energizer-primary-alkaline-batteries-d-size-battery/p/itm5d6edf89beee5?pid=ACCG2EZ2HXPMUPZT&lid=LSTACCG2EZ2HXPMUPZT6XST2F&marketplace=FLIPKART&q=Energizer+Max+Alkaline+D+Batteries%2C+2+Pack&store=tyy%2F4mr%2Fw65&srno=s_1_22&otracker=search&otracker1=search&fm=Search&iid=caf1069a-2f0a-4222-93f8-9a2421c5dbaf.ACCG2EZ2HXPMUPZT.SEARCH&ppt=sp&ppn=sp&ssid=90amkag08w0000001644905580420&qH=5fc5eaf90508b1cc,ACCG2EZ2HXPMUPZT,LSTACCG2EZ2HXPMUPZT6XST2F,FLIPKART,https://www.flipkart.com/energizer-primary-alkaline-batteries-d-size-battery/p/itm5d6edf89beee5
www.amazon.in/dp/B07KKKDV3Q,B07KKKDV3Q,,,,,
www.amazon.in/dp/B07Y24GN3H,B07Y24GN3H,https://www.flipkart.com/energizer-primary-alkaline-batteries-max-3a-battery/p/itm080385affbbe2?pid=ACCG2EZ2NG3FFZAX&lid=LSTACCG2EZ2NG3FFZAXJQFEEX&marketplace=GROCERY&q=Energizer+Max+Alkaline+AAA+Batteries+-+Pack+of+6&store=tyy%2F4mr%2Fw65&spotlightTagId=BestsellerId_tyy%2F4mr%2Fw65&srno=s_1_26&otracker=search&otracker1=search&fm=Search&iid=eef8ac4e-5e54-435a-87c6-5d42948ecb34.ACCG2EZ2NG3FFZAX.SEARCH&ppt=sp&ppn=sp&ssid=kzc1zrvohs0000001644905876048&qH=4e45a673220a59ed,ACCG2EZ2NG3FFZAX,LSTACCG2EZ2NG3FFZAXJQFEEX,GROCERY,https://www.flipkart.com/energizer-primary-alkaline-batteries-max-3a-battery/p/itm080385affbbe2
www.amazon.in/dp/B0154FBFZE,B0154FBFZE,,,,,
www.amazon.in/dp/B071KP36F3,B071KP36F3,https://www.flipkart.com/panasonic-cr-1220-5be-lithium-coin-pack-5-battery/p/itm42193ded33b32?pid=ACCFZKSGJ4MBB3SA&lid=LSTACCFZKSGJ4MBB3SAS2GBXN&marketplace=FLIPKART&q=Panasonic+Lithium+Coin+Battery+CR1220%2C+Pack+of+5&store=tyy%2F4mr%2Fw65&srno=s_1_1&otracker=search&otracker1=search&fm=Search&iid=9e3933f6-d64a-4ca4-a22f-d6cf082580ec.ACCFZKSGJ4MBB3SA.SEARCH&ppt=sp&ppn=sp&ssid=8sndgkok7k0000001644906207765&qH=d88c10611c5c82a1,ACCFZKSGJ4MBB3SA,LSTACCFZKSGJ4MBB3SAS2GBXN,FLIPKART,https://www.flipkart.com/panasonic-cr-1220-5be-lithium-coin-pack-5-battery/p/itm42193ded33b32
www.amazon.in/dp/B071CNQ3TG,B071CNQ3TG,,,,,
www.amazon.in/dp/B0023T8OUY,B0023T8OUY,,,,,
www.amazon.in/dp/B0006ZSQBE,B0006ZSQBE,https://www.flipkart.com/energizer-ultimate-l92bp2-aaa-lithium-battery/p/itm3a8e61697375c?pid=ACCFP9GY4XGXED9N&lid=LSTACCFP9GY4XGXED9N34V03T&marketplace=FLIPKART&q=Energizer+Ultimate+L92BP2+AAA+Lithium+Battery%2C+Silver&store=tyy%2F4mr%2Fw65&srno=s_1_3&otracker=search&otracker1=search&fm=Search&iid=d6570c3a-c979-4b96-81d6-8ae9355b3c0e.ACCFP9GY4XGXED9N.SEARCH&ppt=sp&ppn=sp&ssid=17trdji0xc0000001644906424138&qH=2c884552c1982edd,ACCFP9GY4XGXED9N,LSTACCFP9GY4XGXED9N34V03T,FLIPKART,https://www.flipkart.com/energizer-ultimate-l92bp2-aaa-lithium-battery/p/itm3a8e61697375c
www.amazon.in/dp/B07221Z89P,B07221Z89P,https://www.flipkart.com/panasonic-cr-2450-5be-lithium-coin-pack-5-battery/p/itmd35a336d6255f?pid=ACCFZJU6H8JHUHEY&lid=LSTACCFZJU6H8JHUHEYGXU1XA&marketplace=FLIPKART&q=Panasonic+Lithium+Coin+Battery+CR2450%2C+Pack+of+5&store=tyy%2F4mr%2Fw65&srno=s_1_1&otracker=search&otracker1=search&fm=Search&iid=74e6c07e-5fb8-4ca6-a9aa-1dc379dda973.ACCFZJU6H8JHUHEY.SEARCH&ppt=sp&ppn=sp&ssid=gv4g274lc00000001644906554257&qH=c5fefd9287996a36,ACCFZJU6H8JHUHEY,LSTACCFZJU6H8JHUHEYGXU1XA,FLIPKART,https://www.flipkart.com/panasonic-cr-2450-5be-lithium-coin-pack-5-battery/p/itmd35a336d6255f
www.amazon.in/dp/B08BXVXB5V,B08BXVXB5V,,,,,
www.amazon.in/dp/B0002JY712,B0002JY712,https://www.flipkart.com/panasonic-hhr-p104-830ma-rechargeable-cordless-phone-battery/p/itm8c391056bfcef?pid=ACCFZKSYEXJXYZHR&lid=LSTACCFZKSYEXJXYZHRE2ONXG&marketplace=FLIPKART&q=Panasonic+Cordless+&store=search.flipkart.com&srno=s_2_57&otracker=search&otracker1=search&fm=Search&iid=54981512-3224-40ed-83f6-d2da058eee27.ACCFZKSYEXJXYZHR.SEARCH&ppt=sp&ppn=sp&ssid=xjluiagsds0000001644906723136&qH=ae3a2f7e16a6dddd,ACCFZKSYEXJXYZHR,LSTACCFZKSYEXJXYZHRE2ONXG,FLIPKART,https://www.flipkart.com/panasonic-hhr-p104-830ma-rechargeable-cordless-phone-battery/p/itm8c391056bfcef
www.amazon.in/dp/B0716NTH5V,B0716NTH5V,,,,,
www.amazon.in/dp/B08KTF9J2X,B08KTF9J2X,,,,,
www.amazon.in/dp/B00EZLY55G,B00EZLY55G,,,,,
www.amazon.in/dp/B003UOWDCG,B003UOWDCG,https://www.flipkart.com/duracell-mn21-batteries-2pcs-battery/p/itm6785a21180395?pid=ACCFJASY83VUPQ8Y&lid=LSTACCFJASY83VUPQ8Y4XL4HJ&marketplace=FLIPKART&q=Duracell+MN21+%28+A23+%29+12V+line+Battery+Pack+of+2&store=tyy%2F4mr&srno=s_1_1&otracker=search&otracker1=search&fm=Search&iid=3f3fecc5-7c2b-4533-8450-21bd8057cbd0.ACCFJASY83VUPQ8Y.SEARCH&ppt=sp&ppn=sp&ssid=yxku1rkntc0000001644906954961&qH=dfafc50d7f5d4405,ACCFJASY83VUPQ8Y,LSTACCFJASY83VUPQ8Y4XL4HJ,FLIPKART,https://www.flipkart.com/duracell-mn21-batteries-2pcs-battery/p/itm6785a21180395
www.amazon.in/dp/B07Z4JPCX9,B07Z4JPCX9,,,,,
www.amazon.in/dp/B008HTUIT4,B008HTUIT4,,,,,
www.amazon.in/dp/B0846N3QRX,B0846N3QRX,,,,,
www.amazon.in/dp/B08WC67D5K,B08WC67D5K,https://www.flipkart.com/panasonic-lr03eg-10b-4-battery/p/itm058f63b164d78?pid=ACCG3YRWAGFZZCRG&lid=LSTACCG3YRWAGFZZCRG0QVJNK&marketplace=FLIPKART&q=Panasonic+EVOLTA+Alkaline+AAA+Battery%2C+Pack+of+10&store=tyy%2F4mr%2Fw65&srno=s_1_16&otracker=search&otracker1=search&fm=Search&iid=6e46ec45-a6ec-44db-93ca-a9c43ce3c958.ACCG3YRWAGFZZCRG.SEARCH&ppt=sp&ppn=sp&ssid=jh97hfk8jk0000001644907297337&qH=4e30998e964d6578,ACCG3YRWAGFZZCRG,LSTACCG3YRWAGFZZCRG0QVJNK,FLIPKART,https://www.flipkart.com/panasonic-lr03eg-10b-4-battery/p/itm058f63b164d78
www.amazon.in/dp/B00M41FPM6,B00M41FPM6,https://www.flipkart.com/duracell-aa-battery/p/itmfgfy7faf5gwch?pid=ACCECJD9UW4SGKGF&lid=LSTACCECJD9UW4SGKGFLTLWZA&marketplace=FLIPKART&q=Duracell+AA%2C+LR6+Alkaline+Battery&store=tyy%2F4mr%2Fw65&srno=s_1_1&otracker=search&otracker1=search&fm=Search&iid=995aa8d2-3f09-4f97-a77e-c578565a13fa.ACCECJD9UW4SGKGF.SEARCH&ppt=sp&ppn=sp&ssid=y7q2sndgdc0000001644907460924&qH=a18f0dbf3665309d,ACCECJD9UW4SGKGF,LSTACCECJD9UW4SGKGFLTLWZA,FLIPKART,https://www.flipkart.com/duracell-aa-battery/p/itmfgfy7faf5gwch
www.amazon.in/dp/B00M6P5NRC,B00M6P5NRC,https://www.flipkart.com/panasonic-alkaline-aa-battery/p/itmdd00ca101d5f1?pid=ACCEVCZGP9GHZHYY&lid=LSTACCEVCZGP9GHZHYYYWMSLA&marketplace=GROCERY&q=Panasonic+Alkaline+AA+Battery%2C+Pack+of+6&store=tyy%2F4mr%2Fw65&srno=s_1_4&otracker=search&otracker1=search&fm=Search&iid=3d4f680a-4956-4d6f-8e45-6a81a27d4165.ACCEVCZGP9GHZHYY.SEARCH&ppt=sp&ppn=sp&ssid=1gybqqsdkw0000001644907516771&qH=d61b9a30e098ca6b,ACCEVCZGP9GHZHYY,LSTACCEVCZGP9GHZHYYYWMSLA,GROCERY,https://www.flipkart.com/panasonic-alkaline-aa-battery/p/itmdd00ca101d5f1
www.amazon.in/dp/B00IMA6AS6,B00IMA6AS6,,,,,
www.amazon.in/dp/B0002DSVS8,B0002DSVS8,,,,,
www.amazon.in/dp/B073GNQ5BC,B073GNQ5BC,,,,,
www.amazon.in/dp/B00EZM27GY,B00EZM27GY,,,,,
www.amazon.in/dp/B01K4AULT0,B01K4AULT0,,,,,
www.amazon.in/dp/B094MTML7Y,B094MTML7Y,,,,,
www.amazon.in/dp/B00M6NNHCM,B00M6NNHCM,https://www.flipkart.com/duracell-223-cr-p2-battery/p/itm644d5dd238bae?pid=ACCFZY89ZJB4XMFU&lid=LSTACCFZY89ZJB4XMFUOPRLCH&marketplace=FLIPKART&q=Duracell+Ultra+223+CR-P2+Battery+for+Camera&store=tyy%2F4mr%2Fw65&srno=s_1_2&otracker=search&otracker1=search&fm=Search&iid=073ada6b-db1c-409e-b6a2-102af293f596.ACCFZY89ZJB4XMFU.SEARCH&ppt=sp&ppn=sp&ssid=cr9c96j0hs0000001644908778851&qH=e45b34c3fe74469d,ACCFZY89ZJB4XMFU,LSTACCFZY89ZJB4XMFUOPRLCH,FLIPKART,https://www.flipkart.com/duracell-223-cr-p2-battery/p/itm644d5dd238bae
www.amazon.in/dp/B08FHB6ZCN,B08FHB6ZCN,,,,,
www.amazon.in/dp/B006N25CEI,B006N25CEI,https://www.flipkart.com/energizer-cr-2032-battery/p/itm701cab3e70ad8?pid=ACCFJHS458X7CJMB&lid=LSTACCFJHS458X7CJMBMEAIZO&marketplace=FLIPKART&q=Energizer+CR2032&store=tyy%2F4mr%2Fw65&srno=s_1_1&otracker=search&otracker1=search&fm=Search&iid=91beab6a-738a-4bba-8763-f0215f4df80b.ACCFJHS458X7CJMB.SEARCH&ppt=sp&ppn=sp&ssid=fwrcyq9xcw0000001644909045925&qH=b3573e8dad4421a7,ACCFJHS458X7CJMB,LSTACCFJHS458X7CJMBMEAIZO,FLIPKART,https://www.flipkart.com/energizer-cr-2032-battery/p/itm701cab3e70ad8
www.amazon.in/dp/B07JFB9NQT,B07JFB9NQT,,,,,
www.amazon.in/dp/B00009QJVP,B00009QJVP,,,,,
www.amazon.in/dp/B07G5W3754,B07G5W3754,,,,,
www.amazon.in/dp/B00V1IS8A4,B00V1IS8A4,https://www.flipkart.com/duracell-dl223-battery/p/itm95763021c1ef2?pid=ACCFZY9XXFEAS7KG&lid=LSTACCFZY9XXFEAS7KGZU2GIN&marketplace=FLIPKART&q=Duracell+Dl223+1%2FEA+Abpk+Ultra+High+Power+Lithium+Battery&store=tyy%2F4mr%2Fw65&srno=s_1_1&otracker=search&otracker1=search&fm=Search&iid=7a3eaa95-cea4-4eef-93a1-f6f9df18cd73.ACCFZY9XXFEAS7KG.SEARCH&ppt=sp&ppn=sp&ssid=vzcx3iucls0000001644909471206&qH=2703c7d11a55e8cd,ACCFZY9XXFEAS7KG,LSTACCFZY9XXFEAS7KGZU2GIN,FLIPKART,https://www.flipkart.com/duracell-dl223-battery/p/itm95763021c1ef2
www.amazon.in/dp/B08P8Y6CLB,B08P8Y6CLB,,,,,
www.amazon.in/dp/B01A6UQDUY,B01A6UQDUY,,,,,
www.amazon.in/dp/B00S7XE3UA,B00S7XE3UA,,,,,
www.amazon.in/dp/B0032OX3NC,B0032OX3NC,,,,,
www.amazon.in/dp/B00OS4RE7Q,B00OS4RE7Q,,,,,
www.amazon.in/dp/B074PV5XWB,B074PV5XWB,https://www.flipkart.com/psc-prime-br-2-3agct4a-battery/p/itm95eab4c3db61d?pid=ACCFYYAZYHBFVXES&lid=LSTACCFYYAZYHBFVXESS3Y2RH&marketplace=FLIPKART&q=Panasonic+2%2C+3AGCT4A+Lithium+Cell+%28Yellow%29&store=tyy%2F4mr%2Fw65&srno=s_1_8&otracker=search&otracker1=search&fm=Search&iid=b9d8e097-d704-458f-9364-b011cc0ae505.ACCFYYAZYHBFVXES.SEARCH&ppt=sp&ppn=sp&ssid=kwt29o6kv40000001644903827721&qH=50a954912c166e2e,ACCFYYAZYHBFVXES,LSTACCFYYAZYHBFVXESS3Y2RH,FLIPKART,https://www.flipkart.com/psc-prime-br-2-3agct4a-battery/p/itm95eab4c3db61d
www.amazon.in/dp/B00M6P5NRC,B00M6P5NRC,https://www.flipkart.com/panasonic-alkaline-aa-battery/p/itmdd00ca101d5f1?pid=ACCEVCZGP9GHZHYY&lid=LSTACCEVCZGP9GHZHYYYWMSLA&marketplace=GROCERY&q=Panasonic+Alkaline+AA+Battery%2C+Pack+of+6&store=tyy%2F4mr%2Fw65&srno=s_1_4&otracker=search&otracker1=search&fm=Search&iid=85c53ab9-d310-43c5-a92e-33f419162433.ACCEVCZGP9GHZHYY.SEARCH&ppt=sp&ppn=sp&ssid=ipgd8471dc0000001644904179694&qH=d61b9a30e098ca6b,ACCEVCZGP9GHZHYY,LSTACCEVCZGP9GHZHYYYWMSLA,GROCERY,https://www.flipkart.com/panasonic-alkaline-aa-battery/p/itmdd00ca101d5f1
www.amazon.in/dp/B07R3386PP,B07R3386PP,https://www.flipkart.com/duracell-chhota-power-aaa-battery/p/itm6ef8a57704e42?pid=ACCG2VB4PAMDBKCG&lid=LSTACCG2VB4PAMDBKCGK6DC2H&marketplace=FLIPKART&q=Duracell+Chota+Power+AAA+Alkaline+Batteries+pack+of+10&store=tyy%2F4mr%2Fw65&srno=s_1_7&otracker=search&otracker1=search&fm=Search&iid=7a1a1bf1-e26a-4129-8aa8-15dab77a8070.ACCG2VB4PAMDBKCG.SEARCH&ppt=sp&ppn=sp&ssid=37m0uqixjk0000001644904533406&qH=fbdbe8f9121ea4d2,ACCG2VB4PAMDBKCG,LSTACCG2VB4PAMDBKCGK6DC2H,FLIPKART,https://www.flipkart.com/duracell-chhota-power-aaa-battery/p/itm6ef8a57704e42
www.amazon.in/dp/B0013AE6DI,B0013AE6DI,https://www.flipkart.com/panasonic-2cr5-photo-lithium-battery/p/itmb56c4ae806ef5?pid=ACCFZKTACC95VQGZ&lid=LSTACCFZKTACC95VQGZHYJTPA&marketplace=FLIPKART&q=Panasonic+2CR5+Photo+Lithium+Battery&store=tyy%2F4mr%2Fw65&srno=s_1_1&otracker=search&otracker1=search&fm=Search&iid=3fcbb7ae-10a1-4a93-af34-ec95c40b43d3.ACCFZKTACC95VQGZ.SEARCH&ppt=sp&ppn=sp&ssid=z3lf6wqe280000001644904662749&qH=75caacadf486f6ba,ACCFZKTACC95VQGZ,LSTACCFZKTACC95VQGZHYJTPA,FLIPKART,https://www.flipkart.com/panasonic-2cr5-photo-lithium-battery/p/itmb56c4ae806ef5
www.amazon.in/dp/B076VV497B,B076VV497B,https://www.flipkart.com/uniross-2700-mah-ni-mh-aa-battery/p/itmdsv62pzmaysbq?pid=ACCDSV6FSJ5KECSU&lid=LSTACCDSV6FSJ5KECSUUT4R9A&marketplace=FLIPKART&q=EVEREADY+Rechargeable+NI-MH+Batteries+-+by+Fratelli+-Uniross+%282700+MAH+-+2+Battery+Pack%29&store=tyy%2F4mr%2Fw65&srno=s_1_1&otracker=search&otracker1=search&fm=Search&iid=8acc753c-55fb-4f5d-90c8-dbfd39e83d54.ACCDSV6FSJ5KECSU.SEARCH&ppt=sp&ppn=sp&ssid=hrlpegknzk0000001644904782004&qH=c8d32125f587d700,ACCDSV6FSJ5KECSU,LSTACCDSV6FSJ5KECSUUT4R9A,FLIPKART,https://www.flipkart.com/uniross-2700-mah-ni-mh-aa-battery/p/itmdsv62pzmaysbq
www.amazon.in/dp/B094MM4RN5,B094MM4RN5,,,,,
www.amazon.in/dp/B008FQXZLW,B008FQXZLW,,,,,
www.amazon.in/dp/B00EZM1YFY,B00EZM1YFY,,,,,
www.amazon.in/dp/B0002DUQDQ,B0002DUQDQ,,,,,
www.amazon.in/dp/B06Y3YRL7M,B06Y3YRL7M,,,,,
www.amazon.in/dp/B07SMTBD2T,B07SMTBD2T,,,,,
www.amazon.in/dp/B000EA1IJS,B000EA1IJS,,,,,
www.amazon.in/dp/B08WC7GRW4,B08WC7GRW4,,,,,
www.amazon.in/dp/B004J2ZFX2,B004J2ZFX2,,,,,
www.amazon.in/dp/B01FWKIMKC,B01FWKIMKC,,,,,
www.amazon.in/dp/B004I0OEZK,B004I0OEZK,,,,,
www.amazon.in/dp/B00443YFUU,B00443YFUU,,,,,
www.amazon.in/dp/B08WCPMHWR,B08WCPMHWR,,,,,
www.amazon.in/dp/B096V5J649,B096V5J649,,,,,
www.amazon.in/dp/B015ZJ2J5E,B015ZJ2J5E,,,,,
www.amazon.in/dp/B00ABKXVB4,B00ABKXVB4,,,,,
www.amazon.in/dp/B007ZHXFJY,B007ZHXFJY,,,,,
www.amazon.in/dp/B06Y3PMMPN,B06Y3PMMPN,,,,,
www.amazon.in/dp/B0002FQWQY,B0002FQWQY,,,,,
www.amazon.in/dp/B006T9DS0A,B006T9DS0A,,,,,
www.amazon.in/dp/B004EBVNPM,B004EBVNPM,,,,,
www.amazon.in/dp/B0899MH88V,B0899MH88V,,,,,
www.amazon.in/dp/B006T9BFCS,B006T9BFCS,https://www.flipkart.com/energizer-e96bp-battery/p/itm5e1feb1d13cec?pid=ACCFP9H2SWGJQBEV&lid=LSTACCFP9H2SWGJQBEVIERCS5&marketplace=FLIPKART&q=Energizer+E96+AAAA+Alkaline+Battery+%282+Pack%29%2C+Silver%2C+Small&store=tyy%2F4mr%2Fw65&srno=s_1_1&otracker=search&otracker1=search&fm=Search&iid=20a8030d-2e91-4cf6-96f9-8cd6a9e6ac9b.ACCFP9H2SWGJQBEV.SEARCH&ppt=sp&ppn=sp&ssid=ozlo2dclog0000001644908163557&qH=baed6d8ef2600fd6,ACCFP9H2SWGJQBEV,LSTACCFP9H2SWGJQBEVIERCS5,FLIPKART,https://www.flipkart.com/energizer-e96bp-battery/p/itm5e1feb1d13cec
www.amazon.in/dp/B0044P3J2I,B0044P3J2I,,,,,
www.amazon.in/dp/B00DKYJEG4,B00DKYJEG4,,,,,
www.amazon.in/dp/B07Z4JYJ86,B07Z4JYJ86,,,,,
www.amazon.in/dp/B00009QJVY,B00009QJVY,https://www.flipkart.com/duracell-223-ultra-lithium-photo-camera-battery/p/itm925eca3f1de10?pid=ACCERNMVGWCHXYCY&lid=LSTACCERNMVGWCHXYCY783JDG&marketplace=FLIPKART&q=Duracell+223+Ultra+Lithium+Photo+Camera+Battery%2C+1+pc&store=tyy%2F4mr%2Fw65&spotlightTagId=TrendingId_tyy%2F4mr%2Fw65&srno=s_1_3&otracker=search&otracker1=search&fm=Search&iid=48871649-ffe9-4b03-be71-aa9c1f5f1475.ACCERNMVGWCHXYCY.SEARCH&ppt=sp&ppn=sp&ssid=wf7xoym1740000001644908695448&qH=c5c6e42a54c18940,ACCERNMVGWCHXYCY,LSTACCERNMVGWCHXYCY783JDG,FLIPKART,https://www.flipkart.com/duracell-223-ultra-lithium-photo-camera-battery/p/itm925eca3f1de10
www.amazon.in/dp/B004KDVNZO,B004KDVNZO,,,,,
www.amazon.in/dp/B0043CHWHA,B0043CHWHA,,,,,
www.amazon.in/dp/B09689JGC4,B09689JGC4,https://www.flipkart.com/duracell-alkaline-aa-chhota-power-battery/p/itmb0b28e2792c4a?pid=ACCG467H6HDAH2F7&lid=LSTACCG467H6HDAH2F7TJHS1I&marketplace=FLIPKART&q=Duracell+Alkaline+AA+Battery+Chhota+Power%2C+8+Pcs&store=tyy%2F4mr%2Fw65&srno=s_1_4&otracker=search&otracker1=search&fm=Search&iid=d2ee332f-40b7-4b68-b844-ea363baffe9b.ACCG467H6HDAH2F7.SEARCH&ppt=sp&ppn=sp&ssid=07fd2opy280000001644908941344&qH=4acb98913b069ea8,ACCG467H6HDAH2F7,LSTACCG467H6HDAH2F7TJHS1I,FLIPKART,https://www.flipkart.com/duracell-alkaline-aa-chhota-power-battery/p/itmb0b28e2792c4a
www.amazon.in/dp/B0070RS00I,B0070RS00I,,,,,
www.amazon.in/dp/B07CKBVNR6,B07CKBVNR6,https://www.flipkart.com/duracell-dlcr2-3v-battery/p/itmfbfb082a8e055?pid=ACCFZYBYXNSNMK4X&lid=LSTACCFZYBYXNSNMK4XFZKAR4&marketplace=FLIPKART&q=Duracell+Ultra+CR2+3V+Lithium+Photo+Battery+-+Pack+of+2&store=tyy%2F4mr%2Fw65&srno=s_1_6&otracker=search&otracker1=search&fm=Search&iid=73db364b-ea51-4e96-810a-d994a2760614.ACCFZYBYXNSNMK4X.SEARCH&ppt=sp&ppn=sp&ssid=6c04porxa80000001644909136492&qH=95852b28397155fb,ACCFZYBYXNSNMK4X,LSTACCFZYBYXNSNMK4XFZKAR4,FLIPKART,https://www.flipkart.com/duracell-dlcr2-3v-battery/p/itmfbfb082a8e055
www.amazon.in/dp/B08WCV299T,B08WCV299T,,,,,
www.amazon.in/dp/B072KW983F,B072KW983F,,,,,
www.amazon.in/dp/B016GOB854,B016GOB854,,,,,
www.amazon.in/dp/B08QDQN2N5,B08QDQN2N5,,,,,
www.amazon.in/dp/B07BFMBZCL,B07BFMBZCL,,,,,
www.amazon.in/dp/B0842H475V,B0842H475V,,,,,
www.amazon.in/dp/B00005T3E4,B00005T3E4,,,,,
www.amazon.in/dp/B08WB3XGSH,B08WB3XGSH,https://www.flipkart.com/panasonic-lr03egdg-4b-battery/p/itmfb8dd37eb11d7?pid=ACCGYW3GJGMF5TVZ&lid=LSTACCGYW3GJGMF5TVZEL5RQT&marketplace=GROCERY&q=Panasonic+EVOLTA+Alkaline+AAA+Battery%2C+Pack+of+4&store=tyy%2F4mr%2Fw65&srno=s_1_14&otracker=search&otracker1=search&fm=Search&iid=c6a934a7-28d7-4c0c-b8a2-063c79da28bb.ACCGYW3GJGMF5TVZ.SEARCH&ppt=sp&ppn=sp&ssid=2exqhy9t5s0000001644910213891&qH=6ca0f544f033fb5c,ACCGYW3GJGMF5TVZ,LSTACCGYW3GJGMF5TVZEL5RQT,GROCERY,https://www.flipkart.com/panasonic-lr03egdg-4b-battery/p/itmfb8dd37eb11d7
www.amazon.in/dp/B07CJZKPYV,B07CJZKPYV,,,,,
www.amazon.in/dp/B072MB35TY,B072MB35TY,,,,,
www.amazon.in/dp/B07CH4MN56,B07CH4MN56,,,,,
www.amazon.in/dp/B01K4AULRM,B01K4AULRM,,,,,
www.amazon.in/dp/B00411NDT4,B00411NDT4,,,,,
www.amazon.in/dp/B00PIU0SYU,B00PIU0SYU,https://www.flipkart.com/eveready-ultima-alkaline-aa-battery/p/itmfgfy7pqukm83e?pid=ACCEUHMJYU2ZKZGT&lid=LSTACCEUHMJYU2ZKZGTSE9Z1H&marketplace=GROCERY&q=Eveready+ALK+AA&store=tyy%2F4mr%2Fw65&srno=s_1_2&otracker=search&otracker1=search&fm=Search&iid=eef500da-5cd4-4185-a790-e71b21d18635.ACCEUHMJYU2ZKZGT.SEARCH&ppt=sp&ppn=sp&ssid=8emej9rutc0000001644910219828&qH=cd6f20e9a9825f4a,ACCEUHMJYU2ZKZGT,LSTACCEUHMJYU2ZKZGTSE9Z1H,GROCERY,https://www.flipkart.com/eveready-ultima-alkaline-aa-battery/p/itmfgfy7pqukm83e
www.amazon.in/dp/B08WC91VS1,B08WC91VS1,,,,,
www.amazon.in/dp/B07DCQJL85,B07DCQJL85,,,,,
www.amazon.in/dp/B01JJBPPPK,B01JJBPPPK,,,,,
www.amazon.in/dp/B08WCWY6NX,B08WCWY6NX,,,,,
www.amazon.in/dp/B07ZJHYYTM,B07ZJHYYTM,https://www.flipkart.com/panasonic-aa-goldplus-1-5v-r6ndg-1b10-battery-pack-20/p/itmfgqyrvszkpqar?pid=ACCFGPWGX25MDU25&lid=LSTACCFGPWGX25MDU258VGZXI&marketplace=FLIPKART&q=panasonic+gold+plus+AA+battery&store=tyy%2F4mr&srno=s_1_6&otracker=search&otracker1=search&fm=Search&iid=92867046-ae05-4278-bd27-04d355916e1f.ACCFGPWGX25MDU25.SEARCH&ppt=sp&ppn=sp&ssid=1b2asdh8740000001644911491792&qH=5f51c761d255e970,ACCFGPWGX25MDU25,LSTACCFGPWGX25MDU258VGZXI,FLIPKART,https://www.flipkart.com/panasonic-aa-goldplus-1-5v-r6ndg-1b10-battery-pack-20/p/itmfgqyrvszkpqar
www.amazon.in/dp/B07Y24GN3H,B07Y24GN3H,,,,,
www.amazon.in/dp/B00AQKBPE4,B00AQKBPE4,,,,,
www.amazon.in/dp/B078PNHFP2,B078PNHFP2,,,,,
,,https://www.flipkart.com/duracell-81575093-battery/p/itmeshbyvvmvzzzf?pid=ACCESHAQKHZZZ67H&lid=LSTACCFDGYTJV3ZDQAGVMRPQU&marketplace=FLIPKART&q=batteries&store=search.flipkart.com&srno=s_1_3&otracker=search&otracker1=search&fm=Search&iid=635efc53-02a9-42ef-b228-11b617ffd473.ACCFDGYTJV3ZDQAG.SEARCH&ppt=sp&ppn=sp&ssid=5yt5cacyfk0000001644925165907&qH=2876a3dbad0a29a8,ACCESHAQKHZZZ67H,LSTACCFDGYTJV3ZDQAGVMRPQU,FLIPKART,https://www.flipkart.com/duracell-81575093-battery/p/itmeshbyvvmvzzzf
